-- MySQL dump 10.13  Distrib 5.6.30, for debian-linux-gnu (x86_64)
--
-- Host: localhost    Database: shows
-- ------------------------------------------------------
-- Server version	5.6.30-0ubuntu0.15.10.1

/*!40101 SET @OLD_CHARACTER_SET_CLIENT=@@CHARACTER_SET_CLIENT */;
/*!40101 SET @OLD_CHARACTER_SET_RESULTS=@@CHARACTER_SET_RESULTS */;
/*!40101 SET @OLD_COLLATION_CONNECTION=@@COLLATION_CONNECTION */;
/*!40101 SET NAMES utf8 */;
/*!40103 SET @OLD_TIME_ZONE=@@TIME_ZONE */;
/*!40103 SET TIME_ZONE='+00:00' */;
/*!40014 SET @OLD_UNIQUE_CHECKS=@@UNIQUE_CHECKS, UNIQUE_CHECKS=0 */;
/*!40014 SET @OLD_FOREIGN_KEY_CHECKS=@@FOREIGN_KEY_CHECKS, FOREIGN_KEY_CHECKS=0 */;
/*!40101 SET @OLD_SQL_MODE=@@SQL_MODE, SQL_MODE='NO_AUTO_VALUE_ON_ZERO' */;
/*!40111 SET @OLD_SQL_NOTES=@@SQL_NOTES, SQL_NOTES=0 */;

--
-- Dumping data for table `episode`
--

LOCK TABLES `episode` WRITE;
/*!40000 ALTER TABLE `episode` DISABLE KEYS */;
INSERT INTO `episode` (`id`, `season_id`, `number`, `date`, `name`) VALUES (73,14,1,'2011-04-17','Winter Is Coming'),(74,14,2,'2011-04-24','The Kingsroad'),(75,14,3,'2011-05-01','Lord Snow'),(76,14,4,'2011-05-08','Cripples, Bastards, and Broken Things'),(77,14,5,'2011-05-15','The Wolf and the Lion'),(78,14,6,'2011-05-22','A Golden Crown'),(79,14,7,'2011-05-29','You Win or You Die'),(80,14,8,'2011-06-05','The Pointy End'),(81,14,9,'2011-06-12','Baelor'),(82,14,10,'2011-06-19','Fire and Blood'),(83,15,1,'2012-04-01','The North Remembers'),(84,15,2,'2012-04-08','The Night Lands'),(85,15,3,'2012-04-15','What Is Dead May Never Die'),(86,15,4,'2012-04-22','Garden of Bones'),(87,15,5,'2012-04-29','The Ghost of Harrenhal'),(88,15,6,'2012-05-06','The Old Gods and the New'),(89,15,7,'2012-05-13','A Man Without Honor'),(90,15,8,'2012-05-20','The Prince of Winterfell'),(91,15,9,'2012-05-27','Blackwater'),(92,15,10,'2012-06-03','Valar Morghulis'),(93,16,1,'2013-03-31','Valar Dohaeris'),(94,16,2,'2013-04-07','Dark Wings, Dark Words'),(95,16,3,'2013-04-14','Walk of Punishment'),(96,16,4,'2013-04-21','And Now His Watch Is Ended'),(97,16,5,'2013-04-28','Kissed by Fire'),(98,16,6,'2013-05-05','The Climb'),(99,16,7,'2013-05-12','The Bear and the Maiden Fair'),(100,16,8,'2013-05-19','Second Sons'),(101,16,9,'2013-06-02','The Rains of Castamere'),(102,16,10,'2013-06-09','Mhysa'),(103,17,1,'2014-04-06','Two Swords'),(104,17,2,'2014-04-13','The Lion and the Rose'),(105,17,3,'2014-04-20','Breaker of Chains'),(106,17,4,'2014-04-27','Oathkeeper'),(107,17,5,'2014-05-04','First of His Name'),(108,17,6,'2014-05-11','The Laws of Gods and Men'),(109,17,7,'2014-05-18','Mockingbird'),(110,17,8,'2014-06-01','The Mountain and the Viper'),(111,17,9,'2014-06-08','The Watchers on the Wall'),(112,17,10,'2014-06-15','The Children'),(113,18,1,'2015-04-12','The Wars to Come'),(114,18,2,'2015-04-19','The House of Black and White'),(115,18,3,'2015-04-26','High Sparrow'),(116,18,4,'2015-05-03','Sons of the Harpy'),(117,18,5,'2015-05-10','Kill the Boy'),(118,18,6,'2015-05-17','Unbowed, Unbent, Unbroken'),(119,18,7,'2015-05-24','The Gift'),(120,18,8,'2015-05-31','Hardhome'),(121,18,9,'2015-06-07','The Dance of Dragons'),(122,18,10,'2015-06-14','Mother\'s Mercy'),(123,19,1,'2016-04-24','The Red Woman'),(124,19,2,'2016-05-01','Home'),(125,19,3,'2016-05-08','Oathbreaker'),(126,19,4,'2016-05-15','Book of the Stranger'),(127,19,5,'2016-05-22','The Door'),(128,19,6,'2016-05-29','Blood of My Blood'),(129,19,7,'2016-06-05','The Broken Man'),(130,19,8,'2016-06-12','No One'),(131,19,9,'2016-06-19','Battle of the Bastards'),(132,19,10,'2016-06-26','The Winds of Winter'),(133,20,1,'2017-06-25','Episode #7.1'),(134,20,2,NULL,'Episode #7.2'),(135,20,3,NULL,'Episode #7.3'),(136,20,4,NULL,'Episode #7.4'),(137,20,5,NULL,'Episode #7.5'),(138,20,6,NULL,'Episode #7.6'),(139,20,7,NULL,'Episode #7.7'),(140,21,1,NULL,'Episode #8.1'),(141,21,4,NULL,'Episode #8.4'),(142,21,5,NULL,'Episode #8.5'),(143,21,6,NULL,'Episode #8.6'),(144,22,1,'2006-10-01','Dexter'),(145,22,2,'2006-10-08','Crocodile'),(146,22,3,'2006-10-15','Popping Cherry'),(147,22,4,'2006-10-22','Let\'s Give the Boy a Hand'),(148,22,5,'2006-10-29','Love American Style'),(149,22,6,'2006-11-05','Return to Sender'),(150,22,7,'2006-11-12','Circle of Friends'),(151,22,8,'2006-11-19','Shrink Wrap'),(152,22,9,'2006-11-26','Father Knows Best'),(153,22,10,'2006-12-03','Seeing Red'),(154,22,11,'2006-12-10','Truth Be Told'),(155,22,12,'2006-12-17','Born Free'),(156,23,1,'2007-09-30','It\'s Alive!'),(157,23,2,'2007-10-07','Waiting to Exhale'),(158,23,3,'2007-10-14','An Inconvenient Lie'),(159,23,4,'2007-10-21','See-Through'),(160,23,5,'2007-10-28','The Dark Defender'),(161,23,6,'2007-11-04','Dex, Lies, and Videotape'),(162,23,7,'2007-11-11','That Night, a Forest Grew'),(163,23,8,'2007-11-18','Morning Comes'),(164,23,9,'2007-11-25','Resistance Is Futile'),(165,23,10,'2007-12-02','There\'s Something About Harry'),(166,23,11,'2007-12-09','Left Turn Ahead'),(167,23,12,'2007-12-16','The British Invasion'),(168,24,1,'2008-09-28','Our Father'),(169,24,2,'2008-10-05','Finding Freebo'),(170,24,3,'2008-10-12','The Lion Sleeps Tonight'),(171,24,4,'2008-10-19','All in the Family'),(172,24,5,'2008-10-26','Turning Biminese'),(173,24,6,'2008-11-02','Sí se puede'),(174,24,7,'2008-11-09','Easy as Pie'),(175,24,8,'2008-11-16','The Damage a Man Can Do'),(176,24,9,'2008-11-23','About Last Night'),(177,24,10,'2008-11-30','Go Your Own Way'),(178,24,11,'2008-12-07','I Had a Dream'),(179,24,12,'2008-12-14','Do You Take Dexter Morgan?'),(180,25,1,'2009-09-27','Living the Dream'),(181,25,2,'2009-10-04','Remains to Be Seen'),(182,25,3,'2009-10-11','Blinded by the Light'),(183,25,4,'2009-10-18','Dex Takes a Holiday'),(184,25,5,'2009-10-25','Dirty Harry'),(185,25,6,'2009-11-01','If I Had a Hammer'),(186,25,7,'2009-11-08','Slack Tide'),(187,25,8,'2009-11-15','Road Kill'),(188,25,9,'2009-11-22','Hungry Man'),(189,25,10,'2009-11-29','Lost Boys'),(190,25,11,'2009-12-06','Hello, Dexter Morgan'),(191,25,12,'2009-12-13','The Getaway'),(192,26,1,'2010-09-26','My Bad'),(193,26,2,'2010-10-03','Hello, Bandit'),(194,26,3,'2010-10-10','Practically Perfect'),(195,26,4,'2010-10-17','Beauty and the Beast'),(196,26,5,'2010-10-24','First Blood'),(197,26,6,'2010-10-31','Everything Is Illumenated'),(198,26,7,'2010-11-07','Circle Us'),(199,26,8,'2010-11-14','Take It!'),(200,26,9,'2010-11-21','Teenage Wasteland'),(201,26,10,'2010-11-28','In the Beginning'),(202,26,11,'2010-12-05','Hop a Freighter'),(203,26,12,'2010-12-12','The Big One'),(204,27,1,'2011-10-02','Those Kinds of Things'),(205,27,2,'2011-10-09','Once Upon a Time...'),(206,27,3,'2011-10-16','Smokey and the Bandit'),(207,27,4,'2011-10-23','A Horse of a Different Color'),(208,27,5,'2011-10-30','The Angel of Death'),(209,27,6,'2011-11-06','Just Let Go'),(210,27,7,'2011-11-13','Nebraska'),(211,27,8,'2011-11-20','Sin of Omission'),(212,27,9,'2011-11-27','Get Gellar'),(213,27,10,'2011-12-04','Ricochet Rabbit'),(214,27,11,'2011-12-11','Talk to the Hand'),(215,27,12,'2011-12-18','This Is the Way the World Ends'),(216,28,1,'2012-09-30','Are You...?'),(217,28,2,'2012-10-07','Sunshine and Frosty Swirl'),(218,28,3,'2012-10-14','Buck the System'),(219,28,4,'2012-10-21','Run'),(220,28,5,'2012-10-28','Swim Deep'),(221,28,6,'2012-11-04','Do the Wrong Thing'),(222,28,7,'2012-11-11','Chemistry'),(223,28,8,'2012-11-18','Argentina'),(224,28,9,'2012-11-25','Helter Skelter'),(225,28,10,'2012-12-02','The Dark... Whatever'),(226,28,11,'2012-12-09','Do You See What I See?'),(227,28,12,'2012-12-16','Surprise, Motherfucker!'),(228,29,1,'2013-06-30','A Beautiful Day'),(229,29,2,'2013-07-07','Every Silver Lining...'),(230,29,3,'2013-07-14','What\'s Eating Dexter Morgan?'),(231,29,4,'2013-07-21','Scar Tissue'),(232,29,5,'2013-07-28','This Little Piggy'),(233,29,6,'2013-08-04','A Little Reflection'),(234,29,7,'2013-08-11','Dress Code'),(235,29,8,'2013-08-18','Are We There Yet?'),(236,29,9,'2013-08-25','Make Your Own Kind of Music'),(237,29,10,'2013-09-08','Goodbye Miami'),(238,29,11,'2013-09-15','Monkey in a Box'),(239,29,12,'2013-09-22','Remember the Monsters?'),(240,30,1,'2016-10-02','The Original'),(241,30,2,'2016-10-07','Chestnut'),(242,30,3,'2016-10-16','The Stray'),(243,30,4,'2016-10-23','Dissonance Theory'),(244,30,5,'2016-10-30','Contrapasso'),(245,30,6,'2016-11-06','The Adversary'),(246,30,7,'2016-11-13','Trompe L\'Oeil'),(247,30,8,'2016-11-20','Trace Decay'),(248,30,9,'2016-11-27','The Well-Tempered Clavier'),(249,30,10,'2016-12-04','The Bicameral Mind'),(250,31,1,NULL,'Episode #2.1'),(251,32,1,'1997-07-27','Children of the Gods'),(252,32,2,'1997-08-01','The Enemy Within'),(253,32,3,'1997-08-08','Emancipation'),(254,32,4,'1997-08-15','The Broca Divide'),(255,32,5,'1997-08-22','The First Commandment'),(256,32,6,'1997-08-29','Cold Lazarus'),(257,32,7,'1997-09-12','The Nox'),(258,32,8,'1997-09-19','Brief Candle'),(259,32,9,'1997-09-26','Thor\'s Hammer'),(260,32,10,'1997-10-03','The Torment of Tantalus'),(261,32,11,'1997-10-10','Bloodlines'),(262,32,12,'1997-10-17','Fire and Water'),(263,32,13,'1997-10-24','Hathor'),(264,32,14,'1997-10-31','Singularity'),(265,32,15,'1998-01-23','Cor-ai'),(266,32,16,'1998-01-30','Enigma'),(267,32,17,'1998-02-06','Solitudes'),(268,32,18,'1998-02-13','Tin Man'),(269,32,19,'1998-02-20','There But for the Grace of God'),(270,32,20,'1998-02-27','Politics'),(271,32,21,'1998-03-06','Within the Serpent\'s Grasp'),(272,33,1,'1998-06-26','The Serpent\'s Lair'),(273,33,2,'1998-07-03','In the Line of Duty'),(274,33,3,'1998-07-10','Prisoners'),(275,33,4,'1998-07-17','The Gamekeeper'),(276,33,5,'1998-07-24','Need'),(277,33,6,'1998-07-31','Thor\'s Chariot'),(278,33,7,'1998-08-07','Message in a Bottle'),(279,33,8,'1998-08-14','Family'),(280,33,9,'1998-08-21','Secrets'),(281,33,10,'1998-09-25','Bane'),(282,33,11,'1998-10-02','The Tok\'ra: Part 1'),(283,33,12,'1998-10-11','The Tok\'ra: Part 2'),(284,33,13,'1998-10-23','Spirits'),(285,33,14,'1998-10-30','Touchstone'),(286,33,15,'1999-01-22','The Fifth Race'),(287,33,16,'1999-01-29','A Matter of Time'),(288,33,17,'1999-02-05','Holiday'),(289,33,18,'1999-02-12','Serpent\'s Song'),(290,33,19,'1999-02-19','One False Step'),(291,33,20,'1999-02-26','Show and Tell'),(292,33,21,'1999-03-05','1969'),(293,33,22,'1999-03-12','Out of Mind'),(294,34,1,'1999-06-25','Into the Fire'),(295,34,2,'1999-07-02','Seth'),(296,34,3,'1999-07-09','Fair Game'),(297,34,4,'1999-07-16','Legacy'),(298,34,5,'1999-07-22','Learning Curve'),(299,34,6,'1999-07-30','Point of View'),(300,34,7,'1999-08-06','Deadman Switch'),(301,34,8,'1999-08-13','Demons'),(302,34,9,'1999-08-19','Rules of Engagement'),(303,34,10,'1999-10-08','Forever in a Day'),(304,34,11,'1999-10-15','Past and Present'),(305,34,12,'1999-10-22','Jolinar\'s Memories'),(306,34,13,'1999-10-29','The Devil You Know'),(307,34,14,'1999-11-05','Foothold'),(308,34,15,'2000-01-21','Pretense'),(309,34,16,'2000-01-28','Urgo'),(310,34,17,'2000-02-04','A Hundred Days'),(311,34,18,'2000-02-11','Shades of Grey'),(312,34,19,'2000-02-18','New Ground'),(313,34,20,'2000-02-25','Maternal Instinct'),(314,34,21,'2000-03-03','Crystal Skull'),(315,34,22,'2000-03-10','Nemesis'),(316,35,1,'2000-06-30','Small Victories'),(317,35,2,'2000-07-07','The Other Side'),(318,35,3,'2000-07-14','Upgrades'),(319,35,4,'2000-07-21','Crossroads'),(320,35,5,'2000-07-28','Divide and Conquer'),(321,35,6,'2000-08-04','Window of Opportunity'),(322,35,7,'2000-08-11','Watergate'),(323,35,8,'2000-08-18','The First Ones'),(324,35,9,'2000-08-25','Scorched Earth'),(325,35,10,'2000-09-01','Beneath the Surface'),(326,35,11,'2000-09-08','Point of No Return'),(327,35,12,'2000-09-15','Tangent'),(328,35,13,'2000-09-22','The Curse'),(329,35,14,'2000-09-29','The Serpent\'s Venom'),(330,35,15,'2001-01-05','Chain Reaction'),(331,35,16,'2001-01-12','2010'),(332,35,17,'2001-01-19','Absolute Power'),(333,35,18,'2001-01-26','The Light'),(334,35,19,'2001-02-02','Prodigy'),(335,35,20,'2001-02-09','Entity'),(336,35,21,'2001-02-16','Double Jeopardy'),(337,35,22,'2001-02-23','Exodus'),(338,36,1,'2001-06-29','Enemies'),(339,36,2,'2001-07-06','Threshold'),(340,36,3,'2001-07-13','Ascension'),(341,36,4,'2001-07-20','The Fifth Man'),(342,36,5,'2001-07-27','Red Sky'),(343,36,6,'2001-08-03','Rite of Passage'),(344,36,7,'2001-08-10','Beast of Burden'),(345,36,8,'2001-08-17','The Tomb'),(346,36,9,'2001-08-24','Between Two Fires'),(347,36,10,'2001-08-31','2001'),(348,36,11,'2001-09-07','Desperate Measures'),(349,36,12,'2001-09-08','Wormhole X-Treme!'),(350,36,13,'2002-03-08','Proving Ground'),(351,36,14,'2002-03-15','48 Hours'),(352,36,15,'2002-03-22','Summit'),(353,36,16,'2002-03-29','Last Stand'),(354,36,17,'2002-04-05','Fail Safe'),(355,36,18,'2002-04-12','The Warrior'),(356,36,19,'2002-04-26','Menace'),(357,36,20,'2002-05-03','The Sentinel'),(358,36,21,'2002-05-10','Meridian'),(359,36,22,'2002-05-17','Revelations'),(360,37,1,'2002-06-07','Redemption: Part 1'),(361,37,2,'2002-06-14','Redemption: Part 2'),(362,37,3,'2002-06-21','Descent'),(363,37,4,'2002-06-28','Frozen'),(364,37,5,'2002-07-12','Nightwalkers'),(365,37,6,'2002-07-19','Abyss'),(366,37,7,'2002-07-26','Shadow Play'),(367,37,8,'2002-08-02','The Other Guys'),(368,37,9,'2002-08-09','Allegiance'),(369,37,10,'2002-08-16','Cure'),(370,37,11,'2002-08-23','Prometheus'),(371,37,12,'2003-01-10','Unnatural Selection'),(372,37,13,'2003-01-17','Sight Unseen'),(373,37,14,'2003-01-24','Smoke & Mirrors'),(374,37,15,'2003-01-31','Paradise Lost'),(375,37,16,'2003-02-07','Metamorphosis'),(376,37,17,'2003-02-14','Disclosure'),(377,37,18,'2003-02-21','Forsaken'),(378,37,19,'2003-02-28','The Changeling'),(379,37,20,'2003-03-07','Memento'),(380,37,21,'2003-03-14','Prophecy'),(381,37,22,'2003-03-21','Full Circle'),(382,38,1,'2003-06-13','Fallen'),(383,38,2,'2003-06-13','Homecoming'),(384,38,3,'2003-06-20','Fragile Balance'),(385,38,4,'2003-06-27','Orpheus'),(386,38,5,'2003-07-11','Revisions'),(387,38,6,'2003-07-18','Lifeboat'),(388,38,7,'2003-07-25','Enemy Mine'),(389,38,8,'2003-08-01','Space Race'),(390,38,9,'2003-08-08','Avenger 2.0'),(391,38,10,'2003-08-15','Birthright'),(392,38,11,'2003-08-22','Evolution: Part 1'),(393,38,12,'2004-01-09','Evolution: Part 2'),(394,38,13,'2004-01-16','Grace'),(395,38,14,'2004-01-23','Fallout'),(396,38,15,'2004-01-30','Chimera'),(397,38,16,'2004-02-06','Death Knell'),(398,38,17,'2004-02-13','Heroes: Part 1'),(399,38,18,'2004-02-20','Heroes: Part 2'),(400,38,19,'2004-02-27','Resurrection'),(401,38,20,'2004-03-05','Inauguration'),(402,38,21,'2004-03-12','Lost City: Part 1'),(403,38,22,'2004-03-19','Lost City: Part 2'),(404,39,1,'2004-07-09','New Order: Part 1'),(405,39,2,'2004-07-09','New Order: Part 2'),(406,39,3,'2004-07-23','Lockdown'),(407,39,4,'2004-07-30','Zero Hour'),(408,39,5,'2004-08-06','Icon'),(409,39,6,'2004-08-13','Avatar'),(410,39,7,'2004-08-20','Affinity'),(411,39,8,'2004-08-27','Covenant'),(412,39,9,'2004-09-10','Sacrifices'),(413,39,10,'2004-09-17','Endgame'),(414,39,11,'2005-01-21','Gemini'),(415,39,12,'2005-01-28','Prometheus Unbound'),(416,39,13,'2005-02-04','It\'s Good to Be King'),(417,39,14,'2005-02-11','Full Alert'),(418,39,15,'2005-02-18','Citizen Joe'),(419,39,16,'2005-02-25','Reckoning: Part 1'),(420,39,17,'2005-03-04','Reckoning: Part 2'),(421,39,18,'2005-03-11','Threads'),(422,39,19,'2005-03-18','Moebius: Part 1'),(423,39,20,'2005-03-25','Moebius: Part 2'),(424,40,1,'2005-07-15','Avalon: Part 1'),(425,40,2,'2005-07-22','Avalon: Part 2'),(426,40,3,'2005-07-29','Origin'),(427,40,4,'2005-08-05','The Ties That Bind'),(428,40,5,'2005-08-12','The Powers That Be'),(429,40,6,'2005-08-19','Beachhead'),(430,40,7,'2005-08-26','Ex Deus Machina'),(431,40,8,'2005-09-09','Babylon'),(432,40,9,'2005-09-16','Prototype'),(433,40,10,'2005-09-16','The Fourth Horseman: Part 1'),(434,40,11,'2006-01-06','The Fourth Horseman: Part 2'),(435,40,12,'2006-01-13','Collateral Damage'),(436,40,13,'2006-01-20','Ripple Effect'),(437,40,14,'2006-01-27','Stronghold'),(438,40,15,'2006-02-03','Ethon'),(439,40,16,'2006-02-10','Off the Grid'),(440,40,17,'2006-02-17','The Scourge'),(441,40,18,'2006-02-24','Arthur\'s Mantle'),(442,40,19,'2006-03-03','Crusade'),(443,40,20,'2006-03-10','Camelot'),(444,41,1,'2006-07-14','Flesh and Blood'),(445,41,2,'2006-07-21','Morpheus'),(446,41,3,'2006-07-28','The Pegasus Project'),(447,41,4,'2006-08-04','Insiders'),(448,41,5,'2006-08-11','Uninvited'),(449,41,6,'2006-08-18','200'),(450,41,8,'2006-09-08','Memento Mori'),(451,41,9,'2006-09-15','Company of Thieves'),(452,41,10,'2006-09-22','The Quest: Part 1'),(453,41,11,'2007-04-13','The Quest: Part 2'),(454,41,12,'2007-04-20','Line in the Sand'),(455,41,13,'2007-04-27','The Road Not Taken'),(456,41,14,'2007-05-04','The Shroud'),(457,41,15,'2007-05-11','Bounty'),(458,41,16,'2007-05-18','Bad Guys'),(459,41,17,'2007-06-01','Talion'),(460,41,19,'2007-06-15','Dominion'),(461,41,20,'2007-06-22','Unending'),(462,42,1,'2004-07-16','Rising'),(463,42,2,'2004-07-23','Hide and Seek'),(464,42,3,'2004-07-30','Thirty Eight Minutes'),(465,42,4,'2004-08-06','Suspicion'),(466,42,5,'2004-08-13','Childhood\'s End'),(467,42,6,'2004-08-20','Poisoning the Well'),(468,42,7,'2004-08-27','Underground'),(469,42,8,'2004-09-10','Home'),(470,42,9,'2004-09-17','The Storm'),(471,42,10,'2005-01-21','The Eye'),(472,42,11,'2005-01-28','The Defiant One'),(473,42,12,'2005-02-04','Hot Zone'),(474,42,13,'2005-02-11','Sanctuary'),(475,42,14,'2005-02-18','Before I Sleep'),(476,42,15,'2005-02-25','The Brotherhood'),(477,42,16,'2005-03-04','Letters from Pegasus'),(478,42,17,'2005-03-11','The Gift'),(479,42,18,'2005-03-18','The Siege: Part 1'),(480,42,19,'2005-03-25','The Siege: Part 2'),(481,43,1,'2005-07-15','The Siege: Part 3'),(482,43,2,'2005-07-22','The Intruder'),(483,43,3,'2005-07-29','Runner'),(484,43,4,'2005-08-05','Duet'),(485,43,5,'2005-08-12','Condemned'),(486,43,6,'2005-08-19','Trinity'),(487,43,7,'2005-08-26','Instinct'),(488,43,8,'2005-09-09','Conversion'),(489,43,9,'2005-09-23','Aurora'),(490,43,10,'2005-09-23','The Lost Boys'),(491,43,11,'2006-01-06','The Hive'),(492,43,12,'2006-01-13','Epiphany'),(493,43,13,'2006-01-20','Critical Mass'),(494,43,14,'2006-01-27','Grace Under Pressure'),(495,43,15,'2006-02-03','The Tower'),(496,43,16,'2006-02-10','The Long Goodbye'),(497,43,17,'2006-02-17','Coup D\'etat'),(498,43,18,'2006-02-24','Michael'),(499,43,19,'2006-03-03','Inferno'),(500,43,20,'2006-03-10','Allies'),(501,44,1,'2006-07-14','No Man\'s Land'),(502,44,2,'2006-07-21','Misbegotten'),(503,44,3,'2006-07-28','Irresistible'),(504,44,4,'2006-08-04','Sateda'),(505,44,5,'2006-08-11','Progeny'),(506,44,6,'2006-08-18','The Real World'),(507,44,7,'2006-08-25','Common Ground'),(508,44,8,'2006-09-08','McKay and Mrs. Miller'),(509,44,9,'2006-09-15','Phantoms'),(510,44,10,'2006-09-22','The Return: Part 1'),(511,44,11,'2007-04-13','The Return: Part 2'),(512,44,12,'2007-04-20','Echoes'),(513,44,13,'2007-04-27','Irresponsible'),(514,44,14,'2007-05-04','Tao of Rodney'),(515,44,15,'2007-05-11','The Game'),(516,44,16,'2007-05-18','The Ark'),(517,44,17,'2007-06-01','Sunday'),(518,44,18,'2007-01-15','Submersion'),(519,44,19,'2007-06-15','Vengeance'),(520,44,20,'2007-06-22','First Strike'),(521,45,1,'2007-09-28','Adrift'),(522,45,2,'2007-10-05','Lifeline'),(523,45,3,'2007-10-12','Reunion'),(524,45,4,'2007-10-19','Doppelganger'),(525,45,5,'2007-10-26','Travelers'),(526,45,6,'2007-11-02','Tabula Rasa'),(527,45,7,'2007-11-09','Missing'),(528,45,8,'2007-11-16','The Seer'),(529,45,9,'2007-11-30','Miller\'s Crossing'),(530,45,10,'2007-12-07','This Mortal Coil'),(531,45,11,'2008-01-04','Be All My Sins Remember\'d'),(532,45,12,'2008-01-11','Spoils of War'),(533,45,13,'2008-01-18','Quarantine'),(534,45,14,'2008-01-25','Harmony'),(535,45,15,'2008-02-01','Outcast'),(536,45,16,'2008-02-08','Trio'),(537,45,17,'2008-02-15','Midway'),(538,45,18,'2008-02-22','The Kindred: Part 1'),(539,45,19,'2008-02-29','The Kindred: Part 2'),(540,45,20,'2008-03-07','The Last Man'),(541,46,1,'2008-07-11','Search and Rescue'),(542,46,2,'2008-07-18','The Seed'),(543,46,3,'2008-07-25','Broken Ties'),(544,46,4,'2008-08-01','The Daedalus Variations'),(545,46,5,'2008-08-15','Ghost in the Machine'),(546,46,6,'2008-08-22','The Shrine'),(547,46,7,'2008-09-05','Whispers'),(548,46,8,'2008-09-12','The Queen'),(549,46,9,'2008-09-19','Tracker'),(550,46,10,'2008-09-26','First Contact'),(551,46,11,'2008-10-10','The Lost Tribe'),(552,46,12,'2008-10-17','Outsiders'),(553,46,13,'2008-10-24','Inquisition'),(554,46,14,'2008-11-07','The Prodigal'),(555,46,15,'2008-11-14','Remnants'),(556,46,16,'2008-11-21','Brain Storm'),(557,46,17,'2008-12-05','Infection'),(558,46,18,'2008-12-12','Identity'),(559,46,19,'2008-12-19','Vegas'),(560,46,20,'2009-01-09','Enemy at the Gate'),(561,47,1,'2009-10-02','Air: Part 1'),(562,47,2,'2009-10-02','Air: Part 2'),(563,47,3,'2009-10-09','Air: Part 3'),(564,47,4,'2009-10-16','Darkness'),(565,47,5,'2009-10-23','Light'),(566,47,6,'2009-10-30','Water'),(567,47,7,'2009-11-06','Earth'),(568,47,8,'2009-11-13','Time'),(569,47,9,'2009-11-20','Life'),(570,47,10,'2009-12-04','Justice'),(571,47,11,'2010-04-02','Space'),(572,47,12,'2010-04-09','Divided'),(573,47,13,'2010-04-16','Faith'),(574,47,14,'2010-04-23','Human'),(575,47,15,'2010-04-30','Lost'),(576,47,16,'2010-05-07','Sabotage'),(577,47,17,'2010-05-14','Pain'),(578,47,18,'2010-05-21','Subversion'),(579,47,19,'2010-06-04','Incursion: Part 1'),(580,47,20,'2010-06-11','Incursion: Part 2'),(581,48,1,'2010-09-28','Intervention'),(582,48,2,'2010-10-05','Aftermath'),(583,48,3,'2010-10-12','Awakening'),(584,48,4,'2010-10-19','Pathogen'),(585,48,5,'2010-10-26','Cloverdale'),(586,48,6,'2010-11-02','Trial and Error'),(587,48,7,'2010-11-09','The Greater Good'),(588,48,8,'2010-11-16','Malice'),(589,48,9,'2010-11-23','Visitation'),(590,48,10,'2010-11-30','Resurgence'),(591,48,11,'2011-03-07','Deliverance'),(592,48,12,'2011-03-14','Twin Destinies'),(593,48,13,'2011-03-21','Alliances'),(594,48,14,'2011-03-28','Hope'),(595,48,15,'2011-04-04','Seizure'),(596,48,16,'2011-04-11','The Hunt'),(597,48,17,'2011-04-18','Common Descent'),(598,48,18,'2011-04-25','Epilogue'),(599,48,19,'2011-05-02','Blockade'),(600,48,20,'2011-05-09','Gauntlet'),(601,49,1,'2008-01-20','Pilot'),(602,49,2,'2008-01-27','Cat\'s in the Bag...'),(603,49,3,'2008-02-10','...And the Bag\'s in the River'),(604,49,4,'2008-02-17','Cancer Man'),(605,49,5,'2008-02-24','Gray Matter'),(606,49,6,'2008-03-02','Crazy Handful of Nothin\''),(607,49,7,'2008-03-09','A No-Rough-Stuff-Type Deal'),(608,50,1,'2009-03-08','Seven Thirty-Seven'),(609,50,2,'2009-03-15','Grilled'),(610,50,3,'2009-03-22','Bit by a Dead Bee'),(611,50,4,'2009-03-29','Down'),(612,50,5,'2009-04-05','Breakage'),(613,50,6,'2009-04-12','Peekaboo'),(614,50,7,'2009-04-19','Negro Y Azul'),(615,50,8,'2009-04-26','Better Call Saul'),(616,50,9,'2009-05-03','4 Days Out'),(617,50,10,'2009-05-10','Over'),(618,50,11,'2009-05-17','Mandala'),(619,50,12,'2009-05-24','Phoenix'),(620,50,13,'2009-05-31','ABQ'),(621,51,1,'2010-03-21','No Más'),(622,51,2,'2010-03-28','Caballo sin Nombre'),(623,51,3,'2010-04-04','I.F.T.'),(624,51,4,'2010-04-11','Green Light'),(625,51,5,'2010-04-18','Más'),(626,51,6,'2010-04-25','Sunset'),(627,51,7,'2010-05-02','One Minute'),(628,51,8,'2010-05-09','I See You'),(629,51,9,'2010-05-16','Kafkaesque'),(630,51,10,'2010-05-23','Fly'),(631,51,11,'2010-05-30','Abiquiu'),(632,51,12,'2010-06-06','Half Measures'),(633,51,13,'2010-06-13','Full Measure'),(634,52,1,'2011-07-17','Box Cutter'),(635,52,2,'2011-07-24','Thirty-Eight Snub'),(636,52,3,'2011-07-31','Open House'),(637,52,4,'2011-08-07','Bullet Points'),(638,52,5,'2011-08-14','Shotgun'),(639,52,6,'2011-08-21','Cornered'),(640,52,7,'2011-08-28','Problem Dog'),(641,52,8,'2011-09-04','Hermanos'),(642,52,9,'2011-09-11','Bug'),(643,52,10,'2011-09-18','Salud'),(644,52,11,'2011-09-25','Crawl Space'),(645,52,12,'2011-10-02','End Times'),(646,52,13,'2011-10-09','Face Off'),(647,53,1,'2012-07-15','Live Free or Die'),(648,53,2,'2012-07-22','Madrigal'),(649,53,3,'2012-07-29','Hazard Pay'),(650,53,4,'2012-08-05','Fifty-One'),(651,53,5,'2012-08-12','Dead Freight'),(652,53,6,'2012-08-19','Buyout'),(653,53,7,'2012-08-26','Say My Name'),(654,53,8,'2012-09-02','Gliding Over All'),(655,53,9,'2013-08-11','Blood Money'),(656,53,10,'2013-08-18','Buried'),(657,53,11,'2013-08-25','Confessions'),(658,53,12,'2013-09-01','Rabid Dog'),(659,53,13,'2013-09-08','To\'hajiilee'),(660,53,14,'2013-09-15','Ozymandias'),(661,53,15,'2013-09-22','Granite State'),(662,53,16,'2013-09-29','Felina'),(663,54,1,'1997-08-13','Cartman Gets an Anal Probe'),(664,54,2,'1997-08-20','Weight Gain 4000'),(665,54,3,'1997-08-27','Volcano'),(666,54,4,'1997-09-03','Big Gay Al\'s Big Gay Boat Ride'),(667,54,5,'1997-09-10','An Elephant Makes Love to a Pig'),(668,54,6,'1997-09-17','Death'),(669,54,7,'1997-10-29','Pinkeye'),(670,54,8,'1997-11-19','Starvin\' Marvin'),(671,54,9,'1997-12-17','Mr. Hankey, the Christmas Poo'),(672,54,10,'1998-02-04','Damien'),(673,54,11,'1998-02-11','Tom\'s Rhinoplasty'),(674,54,12,'1998-02-18','Mecha-Streisand'),(675,54,13,'1998-02-25','Cartman\'s Mom Is a Dirty Slut'),(676,55,1,'1998-04-01','Terrance and Phillip in Not Without My Anus'),(677,55,2,'1998-04-22','Cartman\'s Mom is Still a Dirty Slut'),(678,55,3,'1998-05-20','Chickenlover'),(679,55,4,'1998-05-20','Ike\'s Wee Wee'),(680,55,5,'1998-06-03','Conjoined Fetus Lady'),(681,55,6,'1998-06-10','The Mexican Staring Frog of Southern Sri Lanka'),(682,55,7,'1998-06-17','City on the Edge of Forever'),(683,55,8,'1998-06-24','Summer Sucks'),(684,55,9,'1998-08-19','Chef\'s Salty Chocolate Balls'),(685,55,10,'1998-08-26','Chickenpox'),(686,55,11,'1998-09-02','Roger Ebert Should Lay Off the Fatty Foods'),(687,55,12,'1998-09-23','Clubhouses'),(688,55,13,'1998-09-30','Cow Days'),(689,55,14,'1998-10-07','Chef Aid'),(690,55,15,'1998-10-28','Spookyfish'),(691,55,16,'1998-12-09','Merry Christmas Charlie Manson!'),(692,55,17,'1998-12-16','Gnomes'),(693,55,18,'1999-01-20','Prehistoric Ice Man'),(694,56,1,'1999-04-07','Rainforest Shmainforest'),(695,56,2,'1999-04-14','Spontaneous Combustion'),(696,56,3,'1999-04-21','The Succubus'),(697,56,4,'1999-06-16','Jakovasaurs'),(698,56,5,'1999-06-23','Tweek vs. Craig'),(699,56,6,'1999-07-07','Sexual Harassment Panda'),(700,56,7,'1999-07-14','Cat Orgy'),(701,56,8,'1999-07-21','Two Guys Naked in a Hot Tub'),(702,56,9,'1999-07-28','Jewbilee'),(703,56,10,'1999-10-27','Korn\'s Groovy Pirate Ghost Mystery'),(704,56,11,'1999-11-03','Chinpokomon'),(705,56,12,'1999-11-10','Hooked on Monkey Fonics'),(706,56,13,'1999-11-17','Starvin\' Marvin in Space'),(707,56,14,'1999-11-24','The Red Badge of Gayness'),(708,56,15,'1999-12-01','Mr. Hankey\'s Christmas Classics'),(709,56,16,'1999-12-29','Are You There God? It\'s Me, Jesus'),(710,56,17,'2000-01-12','World Wide Recorder Concert'),(711,57,1,'2000-04-05','The Tooth Fairy\'s Tats 2000'),(712,57,2,'2000-04-12','Cartman\'s Silly Hate Crime 2000'),(713,57,3,'2000-04-19','Timmy 2000'),(714,57,4,'2000-04-26','Quintuplets 2000'),(715,57,5,'2000-06-21','Cartman Joins NAMBLA'),(716,57,6,'2000-06-28','Cherokee Hair Tampons'),(717,57,7,'2000-07-05','Chef Goes Nanners'),(718,57,8,'2000-07-12','Something You Can Do with Your Finger'),(719,57,9,'2000-07-19','Do the Handicapped Go to Hell?'),(720,57,10,'2000-07-26','Probably'),(721,57,11,'2000-11-08','4th Grade'),(722,57,12,'2000-11-15','Trapper Keeper'),(723,57,13,'2000-11-22','Helen Keller! The Musical'),(724,57,14,'2000-11-29','Pip'),(725,57,15,'2000-12-06','Fat Camp'),(726,57,16,'2000-12-13','The Wacky Molestation Adventure'),(727,57,17,'2000-12-20','A Very Crappy Christmas'),(728,58,1,'2001-06-20','It Hits the Fan'),(729,58,2,'2001-06-27','Cripple Fight'),(730,58,3,'2001-07-04','Super Best Friends'),(731,58,4,'2001-07-11','Scott Tenorman Must Die'),(732,58,5,'2001-07-18','Terrance and Phillip: Behind the Blow'),(733,58,6,'2001-07-25','Cartmanland'),(734,58,7,'2001-08-01','Proper Condom Use'),(735,58,8,'2001-08-08','Towelie'),(736,58,9,'2001-11-07','Osama Bin Laden Has Farty Pants'),(737,58,10,'2001-11-14','How to Eat with Your Butt'),(738,58,11,'2001-11-21','The Entity'),(739,58,12,'2001-11-28','Here Comes the Neighborhood'),(740,58,13,'2001-12-05','Kenny Dies'),(741,58,14,'2001-12-12','Butters\' Very Own Episode'),(742,59,1,'2002-03-06','Jared Has Aides'),(743,59,2,'2002-03-13','Asspen'),(744,59,3,'2002-03-20','Freak Strike'),(745,59,4,'2002-03-27','Fun with Veal'),(746,59,5,'2002-04-03','The New Terrance and Phillip Movie Trailer'),(747,59,6,'2002-04-10','Professor Chaos'),(748,59,7,'2002-06-26','The Simpsons Already Did It'),(749,59,8,'2002-07-03','Red Hot Catholic Love'),(750,59,9,'2002-07-10','Free Hat'),(751,59,10,'2002-07-17','Bebe\'s Boobs Destroy Society'),(752,59,11,'2002-07-24','Child Abduction Is Not Funny'),(753,59,12,'2002-11-06','A Ladder to Heaven'),(754,59,13,'2002-11-13','The Return of the Fellowship of the Ring to the Two Towers'),(755,59,14,'2002-11-20','The Death Camp of Tolerance'),(756,59,15,'2002-11-27','The Biggest Douche in the Universe'),(757,59,16,'2002-12-04','My Future Self n\' Me'),(758,59,17,'2002-12-11','Red Sleigh Down'),(759,60,1,'2003-03-19','Cancelled'),(760,60,2,'2003-03-26','Krazy Kripples'),(761,60,3,'2003-04-02','Toilet Paper'),(762,60,4,'2003-04-09','I\'m a Little Bit Country'),(763,60,5,'2003-04-16','Fat Butt and Pancake Head'),(764,60,6,'2003-04-23','Lil\' Crime Stoppers'),(765,60,7,'2003-04-30','Red Man\'s Greed'),(766,60,8,'2003-10-22','South Park Is Gay'),(767,60,9,'2003-10-29','Christian Rock Hard'),(768,60,10,'2003-11-05','Grey Dawn'),(769,60,11,'2003-11-12','Casa Bonita'),(770,60,12,'2003-11-19','All About Mormons'),(771,60,13,'2003-12-03','Butt Out'),(772,60,14,'2003-12-10','Raisins'),(773,60,15,'2003-12-17','It\'s Christmas in Canada'),(774,61,1,'2004-03-17','Good Times with Weapons'),(775,61,2,'2004-03-24','Up the Down Steroid'),(776,61,3,'2004-03-31','The Passion of the Jew'),(777,61,4,'2004-04-07','You Got F\'d in the A'),(778,61,5,'2004-04-14','AWESOM-O'),(779,61,6,'2004-04-21','The Jeffersons'),(780,61,7,'2004-04-28','Goobacks'),(781,61,8,'2004-10-27','Douche and Turd'),(782,61,9,'2004-11-03','Something Wall-Mart This Way Comes'),(783,61,10,'2004-11-10','Pre-School'),(784,61,11,'2004-11-17','Quest for Ratings'),(785,61,12,'2004-12-01','Stupid Spoiled Whore Video Playset'),(786,61,13,'2004-12-08','Cartman\'s Incredible Gift'),(787,61,14,'2004-12-15','Woodland Critter Christmas'),(788,62,1,'2005-03-09','Mr. Garrison\'s Fancy New Vagina'),(789,62,2,'2005-03-16','Die Hippie, Die'),(790,62,3,'2005-03-23','Wing'),(791,62,4,'2005-03-30','Best Friends Forever'),(792,62,5,'2005-04-06','The Losing Edge'),(793,62,6,'2005-04-13','The Death of Eric Cartman'),(794,62,7,'2005-04-20','Erection Day'),(795,62,8,'2005-10-19','Two Days Before the Day After Tomorrow'),(796,62,9,'2005-10-26','Marjorine'),(797,62,10,'2005-11-02','Follow That Egg'),(798,62,11,'2005-11-09','Ginger Kids'),(799,62,12,'2005-11-16','Trapped in the Closet'),(800,62,13,'2005-11-30','Free Willzyx'),(801,62,14,'2005-12-07','Bloody Mary'),(802,63,1,'2006-03-22','The Return of Chef'),(803,63,2,'2006-03-29','Smug Alert!'),(804,63,3,'2006-04-05','Cartoon Wars: Part 1'),(805,63,4,'2006-04-12','Cartoon Wars: Part 2'),(806,63,5,'2006-04-19','A Million Little Fibers'),(807,63,6,'2006-04-26','ManBearPig'),(808,63,7,'2006-05-03','Tsst'),(809,63,8,'2006-10-04','Make Love, Not Warcraft'),(810,63,9,'2006-10-11','Mystery of the Urinal Deuce'),(811,63,10,'2006-10-18','Miss Teacher Bangs a Boy'),(812,63,11,'2006-10-25','Hell on Earth 2006'),(813,63,12,'2006-11-01','Go God Go'),(814,63,13,'2006-11-08','Go God Go XII'),(815,63,14,'2006-11-15','Stanley\'s Cup'),(816,64,1,'2007-03-07','With Apologies to Jesse Jackson'),(817,64,2,'2007-03-14','Cartman Sucks'),(818,64,3,'2007-03-21','Lice Capades'),(819,64,4,'2007-03-28','The Snuke'),(820,64,5,'2007-04-04','Fantastic Easter Special'),(821,64,6,'2007-04-11','D-Yikes!'),(822,64,7,'2007-04-18','Night of the Living Homeless'),(823,64,8,'2007-10-03','Le Petit Tourette'),(824,64,9,'2007-10-10','More Crap'),(825,64,10,'2007-10-17','Imaginationland'),(826,64,11,'2007-10-24','Imaginationland: Episode II'),(827,64,12,'2007-10-31','Imaginationland: Episode III'),(828,64,13,'2007-11-07','Guitar Queer-o'),(829,64,14,'2007-11-14','The List'),(830,65,1,'2008-03-12','Tonsil Trouble'),(831,65,2,'2008-03-19','Britney\'s New Look'),(832,65,3,'2008-03-26','Major Boobage'),(833,65,4,'2008-04-02','Canada on Strike'),(834,65,5,'2008-04-09','Eek, a Penis!'),(835,65,6,'2008-04-16','Over Logging'),(836,65,7,'2008-04-23','Super Fun Time'),(837,65,8,'2008-10-08','The China Probrem'),(838,65,9,'2008-10-15','Breast Cancer Show Ever'),(839,65,10,'2008-10-22','Pandemic'),(840,65,11,'2008-10-29','Pandemic 2: The Startling'),(841,65,12,'2008-11-05','About Last Night...'),(842,65,13,'2008-11-12','Elementary School Musical'),(843,65,14,'2008-11-19','The Ungroundable'),(844,66,1,'2009-03-11','The Ring'),(845,66,2,'2009-03-18','The Coon'),(846,66,3,'2009-03-25','Margaritaville'),(847,66,4,'2009-04-01','Eat, Pray, Queef'),(848,66,5,'2009-04-08','Fishsticks'),(849,66,6,'2009-04-15','Pinewood Derby'),(850,66,7,'2009-04-22','Fatbeard'),(851,66,8,'2009-10-07','Dead Celebrities'),(852,66,9,'2009-10-14','Butters\' Bottom Bitch'),(853,66,10,'2009-10-21','W.T.F.'),(854,66,11,'2009-10-28','Whale Whores'),(855,66,12,'2009-11-04','The F Word'),(856,66,13,'2009-11-11','Dances with Smurfs'),(857,66,14,'2009-11-18','Pee'),(858,67,1,'2010-03-17','Sexual Healing'),(859,67,2,'2010-03-24','The Tale of Scrotie McBoogerballs'),(860,67,3,'2010-03-31','Medicinal Fried Chicken'),(861,67,4,'2010-04-07','You Have 0 Friends'),(862,67,5,'2010-04-14','200'),(863,67,6,'2010-04-21','201'),(864,67,7,'2010-04-28','Crippled Summer'),(865,67,8,'2010-10-06','Poor and Stupid'),(866,67,9,'2010-10-13','It\'s a Jersey Thing'),(867,67,10,'2010-10-20','Insheeption'),(868,67,11,'2010-10-27','Coon 2: Hindsight'),(869,67,12,'2010-11-03','Mysterion Rises'),(870,67,13,'2010-11-10','Coon vs. Coon and Friends'),(871,67,14,'2010-11-17','Crème Fraiche'),(872,68,1,'2011-04-27','HUMANCENTiPAD'),(873,68,2,'2011-05-04','Funnybot'),(874,68,3,'2011-05-11','Royal Pudding'),(875,68,3,'2011-05-11','Royal Pudding'),(876,68,4,'2011-05-18','T.M.I.'),(877,68,5,'2011-05-25','Crack Baby Athletic Association'),(878,68,6,'2011-06-01','City Sushi'),(879,68,7,'2011-06-08','You\'re Getting Old'),(880,68,8,'2011-10-05','Ass Burgers'),(881,68,9,'2011-10-12','The Last of the Meheecans'),(882,68,10,'2011-10-19','Bass to Mouth'),(883,68,11,'2011-10-26','Broadway Bro Down'),(884,68,12,'2011-11-02','1%'),(885,68,13,'2011-11-09','A History Channel Thanksgiving'),(886,68,14,'2011-11-16','The Poor Kid'),(887,69,1,'2012-03-14','Reverse Cowgirl'),(888,69,2,'2012-03-21','Cash for Gold'),(889,69,3,'2012-03-28','Faith Hilling'),(890,69,4,'2012-04-04','Jewpacabra'),(891,69,5,'2012-04-11','Butterballs'),(892,69,6,'2012-04-18','I Should Have Never Gone Ziplining'),(893,69,7,'2012-04-25','Cartman Finds Love'),(894,69,8,'2012-09-26','Sarcastaball'),(895,69,9,'2012-10-03','Raising the Bar'),(896,69,10,'2012-10-10','Insecurity'),(897,69,11,'2012-10-17','Going Native'),(898,69,12,'2012-10-24','A Nightmare on Facetime'),(899,69,13,'2012-10-31','A Scause for Applause'),(900,69,14,'2012-11-07','Obama Wins!'),(901,70,1,'2013-09-25','Let Go, Let Gov'),(902,70,2,'2013-10-02','Informative Murder Porn'),(903,70,3,'2013-10-09','World War Zimmerman'),(904,70,4,'2013-10-23','Goth Kids 3: Dawn of the Posers'),(905,70,5,'2013-10-30','Taming Strange'),(906,70,6,'2013-11-06','Ginger Cow'),(907,70,7,'2013-11-13','Black Friday'),(908,70,8,'2013-11-20','A Song of Ass and Fire'),(909,70,9,'2013-12-04','Titties and Dragons'),(910,70,10,'2013-12-11','The Hobbit'),(911,71,1,'2014-09-24','Go Fund Yourself'),(912,71,2,'2014-10-01','Gluten Free Ebola'),(913,71,3,'2014-10-08','The Cissy'),(914,71,4,'2014-10-15','Handicar'),(915,71,5,'2014-10-29','The Magic Bush'),(916,71,6,'2014-11-05','Freemium Isn\'t Free'),(917,71,7,'2014-11-12','Grounded Vindaloop'),(918,71,8,'2014-11-19','C... Magic'),(919,71,9,'2014-12-03','#REHASH'),(920,71,10,'2014-12-10','#HappyHolograms'),(921,72,1,'2015-09-16','Stunning and Brave'),(922,72,2,'2015-09-23','Where My Country Gone?'),(923,72,3,'2015-09-30','The City Part of Town'),(924,72,4,'2015-10-14','You\'re Not Yelping'),(925,72,5,'2015-10-21','Safe Space'),(926,72,6,'2015-10-28','Tweek x Craig'),(927,72,7,'2015-11-11','Naughty Ninjas'),(928,72,8,'2015-11-18','Sponsored Content'),(929,72,9,'2015-12-02','Truth and Advertising'),(930,72,10,'2015-12-09','PC Principal Final Justice'),(931,73,1,'2016-09-14','Member Berries'),(932,73,2,NULL,'Skank Hunt'),(933,73,3,'2016-09-28','The Damned'),(934,73,4,'2016-10-12','Wieners Out'),(935,73,5,NULL,'Episode #20.5'),(936,73,6,'2016-10-26','Fort Collins'),(937,73,7,'2016-11-09','Oh, Jeez'),(938,73,8,'2016-11-16','Members Only'),(939,73,9,'2016-11-30','Episode #20.9'),(940,73,10,'2016-12-07','Episode #20.10'),(941,74,1,'1989-12-17','Simpsons Roasting on an Open Fire'),(942,74,2,'1990-01-14','Bart the Genius'),(943,74,3,'1990-01-21','Homer\'s Odyssey'),(944,74,4,'1990-01-28','There\'s No Disgrace Like Home'),(945,74,5,'1990-02-04','Bart the General'),(946,74,6,'1990-02-11','Moaning Lisa'),(947,74,7,'1990-02-18','The Call of the Simpsons'),(948,74,8,'1990-02-25','The Telltale Head'),(949,74,9,'1990-03-18','Life on the Fast Lane'),(950,74,10,'1990-03-25','Homer\'s Night Out'),(951,74,11,'1990-04-15','The Crepes of Wrath'),(952,74,12,'1990-04-29','Krusty Gets Busted'),(953,74,13,'1990-05-13','Some Enchanted Evening'),(954,75,1,'1990-10-11','Bart Gets an F'),(955,75,2,'1990-10-18','Simpson and Delilah'),(956,75,3,'1990-10-25','Treehouse of Horror'),(957,75,4,'1990-11-01','Two Cars in Every Garage and Three Eyes on Every Fish'),(958,75,5,'1990-11-08','Dancin\' Homer'),(959,75,6,'1990-11-15','Dead Putting Society'),(960,75,7,'1990-11-22','Bart vs. Thanksgiving'),(961,75,8,'1990-12-06','Bart the Daredevil'),(962,75,9,'1990-12-20','Itchy and Scratchy and Marge'),(963,75,10,'1991-01-10','Bart Gets Hit by a Car'),(964,75,11,'1991-01-24','One Fish, Two Fish, Blowfish, Blue Fish'),(965,75,12,'1991-01-31','The Way We Was'),(966,75,13,'1991-02-07','Homer vs. Lisa and the Eighth Commandment'),(967,75,14,'1991-02-14','Principal Charming'),(968,75,15,'1991-02-21','Oh Brother, Where Art Thou?'),(969,75,16,'1991-03-07','Bart\'s Dog Gets an F'),(970,75,17,'1991-03-28','Old Money'),(971,75,18,'1991-04-11','Brush with Greatness'),(972,75,19,'1991-04-25','Lisa\'s Substitute'),(973,75,20,'1991-05-02','The War of the Simpsons'),(974,75,21,'1991-05-09','Three Men and a Comic Book'),(975,75,22,'1991-08-11','Blood Feud'),(976,76,1,'1991-09-19','Stark Raving Dad'),(977,76,2,'1991-09-26','Mr. Lisa Goes to Washington'),(978,76,3,'1991-10-03','When Flanders Failed'),(979,76,4,'1991-10-10','Bart the Murderer'),(980,76,5,'1991-10-17','Homer Defined'),(981,76,6,'1991-10-24','Like Father, Like Clown'),(982,76,7,'1991-10-31','Treehouse of Horror II'),(983,76,8,'1991-11-07','Lisa\'s Pony'),(984,76,9,'1991-11-14','Saturdays of Thunder'),(985,76,10,'1991-11-21','Flaming Moe\'s'),(986,76,11,'1991-12-05','Burns Verkaufen der Kraftwerk'),(987,76,12,'1991-12-26','I Married Marge'),(988,76,13,'1992-01-09','Radio Bart'),(989,76,14,'1992-01-23','Lisa the Greek'),(990,76,15,'1992-02-06','Homer Alone'),(991,76,16,'1992-02-13','Bart the Lover'),(992,76,17,'1992-02-20','Homer at the Bat'),(993,76,18,'1992-02-27','Separate Vocations'),(994,76,19,'1992-03-12','Dog of Death'),(995,76,20,'1992-03-26','Colonel Homer'),(996,76,21,'1992-04-09','Black Widower'),(997,76,22,'1992-04-23','The Otto Show'),(998,76,23,'1992-05-07','Bart\'s Friend Falls in Love'),(999,76,24,'1992-08-27','Brother, Can You Spare Two Dimes?'),(1000,77,1,'1992-09-24','Kamp Krusty'),(1001,77,2,'1992-10-01','A Streetcar Named Marge'),(1002,77,3,'1992-10-08','Homer the Heretic'),(1003,77,4,'1992-10-15','Lisa the Beauty Queen'),(1004,77,5,'1992-10-29','Treehouse of Horror III'),(1005,77,6,'1992-11-03','Itchy & Scratchy: The Movie'),(1006,77,7,'1992-11-05','Marge Gets a Job'),(1007,77,8,'1992-11-12','New Kid on the Block'),(1008,77,9,'1992-11-19','Mr. Plow'),(1009,77,10,'1992-12-03','Lisa\'s First Word'),(1010,77,11,'1992-12-17','Homer\'s Triple Bypass'),(1011,77,12,'1993-01-14','Marge vs. the Monorail'),(1012,77,13,'1993-01-21','Selma\'s Choice'),(1013,77,14,'1993-02-04','Brother from the Same Planet'),(1014,77,15,'1993-02-11','I Love Lisa'),(1015,77,16,'1993-02-18','Duffless'),(1016,77,17,'1993-03-11','Last Exit to Springfield'),(1017,77,18,'1993-04-01','So It\'s Come to This: A Simpsons Clip Show'),(1018,77,19,'1993-04-15','The Front'),(1019,77,20,'1993-04-29','Whacking Day'),(1020,77,21,'1993-05-06','Marge in Chains'),(1021,77,22,'1993-05-13','Krusty Gets Kancelled'),(1022,78,1,'1993-09-30','Homer\'s Barbershop Quartet'),(1023,78,2,'1993-10-07','Cape Feare'),(1024,78,3,'1993-10-14','Homer Goes to College'),(1025,78,4,'1993-10-21','Rosebud'),(1026,78,5,'1993-10-28','Treehouse of Horror IV'),(1027,78,6,'1993-11-04','Marge on the Lam'),(1028,78,7,'1993-11-11','Bart\'s Inner Child'),(1029,78,8,'1993-11-18','Boy Scoutz \'n the Hood'),(1030,78,9,'1993-12-09','The Last Temptation of Homer'),(1031,78,10,'1993-12-16','$pringfield (or How I Learned to Stop Worrying and Love Legalized Gambling)'),(1032,78,11,'1994-01-06','Homer the Vigilante'),(1033,78,12,'1994-02-03','Bart Gets Famous'),(1034,78,13,'1994-02-10','Homer and Apu'),(1035,78,14,'1994-02-17','Lisa vs. Malibu Stacy'),(1036,78,15,'1994-02-24','Deep Space Homer'),(1037,78,16,'1994-03-17','Homer Loves Flanders'),(1038,78,17,'1994-03-31','Bart Gets an Elephant'),(1039,78,18,'1994-04-14','Burns\' Heir'),(1040,78,19,'1994-04-28','Sweet Seymour Skinner\'s Baadasssss Song'),(1041,78,20,'1994-05-05','The Boy Who Knew Too Much'),(1042,78,21,'1994-05-12','Lady Bouvier\'s Lover'),(1043,78,22,'1994-05-19','Secrets of a Successful Marriage'),(1044,79,1,'1994-09-04','Bart of Darkness'),(1045,79,2,'1994-09-11','Lisa\'s Rival'),(1046,79,3,'1994-09-25','Another Simpsons Clip Show'),(1047,79,4,'1994-10-02','Itchy & Scratchy Land'),(1048,79,5,'1994-10-09','Sideshow Bob Roberts'),(1049,79,6,'1994-10-30','Treehouse of Horror V'),(1050,79,7,'1994-11-06','Bart\'s Girlfriend'),(1051,79,8,'1994-11-13','Lisa on Ice'),(1052,79,9,'1994-11-27','Homer Badman'),(1053,79,10,'1994-12-04','Grampa vs. Sexual Inadequacy'),(1054,79,11,'1994-12-18','Fear of Flying'),(1055,79,12,'1995-01-08','Homer the Great'),(1056,79,13,'1995-01-22','And Maggie Makes Three'),(1057,79,14,'1995-02-05','Bart\'s Comet'),(1058,79,15,'1995-02-12','Homie the Clown'),(1059,79,16,'1995-02-19','Bart vs. Australia'),(1060,79,17,'1995-02-26','Homer vs. Patty and Selma'),(1061,79,18,'1995-03-05','A Star Is Burns'),(1062,79,19,'1995-03-19','Lisa\'s Wedding'),(1063,79,20,'1995-04-09','Two Dozen and One Greyhounds'),(1064,79,21,'1995-04-16','The PTA Disbands'),(1065,79,22,'1995-04-30','\'Round Springfield'),(1066,79,23,'1995-05-07','The Springfield Connection'),(1067,79,24,'1995-05-14','Lemon of Troy'),(1068,79,25,'1995-05-21','Who Shot Mr. Burns?: Part 1'),(1069,80,1,'1995-09-17','Who Shot Mr. Burns?: Part 2'),(1070,80,2,'1995-09-24','Radioactive Man'),(1071,80,3,'1995-10-01','Home Sweet Home-Diddily-Dum-Doodily'),(1072,80,4,'1995-10-08','Bart Sells His Soul'),(1073,80,5,'1995-10-15','Lisa the Vegetarian'),(1074,80,6,'1995-10-29','Treehouse of Horror VI'),(1075,80,7,'1995-11-05','King Size Homer'),(1076,80,8,'1995-11-19','Mother Simpson'),(1077,80,9,'1995-11-26','Sideshow Bob\'s Last Gleaming'),(1078,80,10,'1995-12-03','The Simpsons 138th Episode Spectacular'),(1079,80,11,'1995-12-17','Marge Be Not Proud'),(1080,80,12,'1996-01-07','Team Homer'),(1081,80,13,'1996-01-14','Two Bad Neighbors'),(1082,80,14,'1996-02-04','Scenes from the Class Struggle in Springfield'),(1083,80,15,'1996-02-11','Bart the Fink'),(1084,80,16,'1996-02-18','Lisa the Iconoclast'),(1085,80,17,'1996-02-25','Homer the Smithers'),(1086,80,18,'1996-03-17','The Day the Violence Died'),(1087,80,19,'1996-03-24','A Fish Called Selma'),(1088,80,20,'1996-03-31','Bart on the Road'),(1089,80,21,'1996-04-14','22 Short Films About Springfield'),(1090,80,22,'1996-04-28','Raging Abe Simpson and His Grumbling Grandson in \'The Curse of the Flying Hellfish\''),(1091,80,23,'1996-05-05','Much Apu About Nothing'),(1092,80,24,'1996-05-19','Homerpalooza'),(1093,80,25,'1996-05-19','Summer of 4 Ft. 2'),(1094,81,1,'1996-10-27','Treehouse of Horror VII'),(1095,81,2,'1996-11-03','You Only Move Twice'),(1096,81,3,'1996-11-10','The Homer They Fall'),(1097,81,4,'1996-11-17','Burns, Baby Burns'),(1098,81,5,'1996-11-24','Bart After Dark'),(1099,81,6,'1996-12-01','A Milhouse Divided'),(1100,81,7,'1996-12-15','Lisa\'s Date with Density'),(1101,81,8,'1996-12-29','Hurricane Neddy'),(1102,81,9,'1997-01-05','El Viaje Misterioso de Nuestro Homer'),(1103,81,10,'1997-01-12','The Springfield Files'),(1104,81,11,'1997-01-19','The Twisted World of Marge Simpson'),(1105,81,12,'1997-02-02','Mountain of Madness'),(1106,81,13,'1997-02-07','Simpsoncalifragilisticexpiala-Annoyed-Grunt-cious'),(1107,81,14,'1997-02-07','The Itchy & Scratchy & Poochie Show'),(1108,81,15,'1997-02-16','Homer\'s Phobia'),(1109,81,16,'1997-02-23','Brother from Another Series'),(1110,81,17,'1997-03-02','My Sister, My Sitter'),(1111,81,18,'1997-03-16','Homer vs. the 18th Amendment'),(1112,81,19,'1997-04-06','Grade School Confidential'),(1113,81,20,'1997-04-13','The Canine Mutiny'),(1114,81,21,'1997-04-20','The Old Man and the Lisa'),(1115,81,22,'1997-04-27','In Marge We Trust'),(1116,81,23,'1997-05-04','Homer\'s Enemy'),(1117,81,24,'1997-05-11','The Simpsons Spin-Off Showcase'),(1118,81,25,'1997-05-18','The Secret War of Lisa Simpson'),(1119,82,1,'1997-09-21','The City of New York vs. Homer Simpson'),(1120,82,2,'1997-09-28','The Principal and the Pauper'),(1121,82,3,'1997-10-19','Lisa\'s Sax'),(1122,82,4,'1997-10-26','Treehouse of Horror VIII'),(1123,82,5,'1997-11-02','The Cartridge Family'),(1124,82,6,'1997-11-09','Bart Star'),(1125,82,7,'1997-11-16','The Two Mrs. Nahasapeemapetilons'),(1126,82,8,'1997-11-23','Lisa the Skeptic'),(1127,82,9,'1997-12-07','Realty Bites'),(1128,82,10,'1997-12-21','Miracle on Evergreen Terrace'),(1129,82,11,'1998-01-04','All Singing, All Dancing'),(1130,82,12,'1998-01-11','Bart Carny'),(1131,82,13,'1998-02-08','The Joy of Sect'),(1132,82,14,'1998-02-15','Das Bus'),(1133,82,15,'1998-02-22','The Last Temptation of Krust'),(1134,82,16,'1998-03-01','Dumbbell Indemnity'),(1135,82,17,'1998-03-08','Lisa the Simpson'),(1136,82,18,'1998-03-22','This Little Wiggy'),(1137,82,19,'1998-03-29','Simpson Tide'),(1138,82,20,'1998-04-05','The Trouble with Trillions'),(1139,82,21,'1998-04-19','Girly Edition'),(1140,82,22,'1998-04-26','Trash of the Titans'),(1141,82,23,'1998-05-03','King of the Hill'),(1142,82,24,'1998-05-10','Lost Our Lisa'),(1143,82,25,'1998-05-17','Natural Born Kissers'),(1144,83,1,'1998-08-23','Lard of the Dance'),(1145,83,2,'1998-09-20','The Wizard of Evergreen Terrace'),(1146,83,3,'1998-09-27','Bart the Mother'),(1147,83,4,'1998-10-25','Treehouse of Horror IX'),(1148,83,5,'1998-11-08','When You Dish Upon a Star'),(1149,83,6,'1998-11-15','D\'oh-in\' in the Wind'),(1150,83,7,'1998-11-22','Lisa Gets an \'A\''),(1151,83,8,'1998-12-06','Homer Simpson in: \'Kidney Trouble\''),(1152,83,9,'1998-12-20','Mayored to the Mob'),(1153,83,10,'1999-01-10','Viva Ned Flanders'),(1154,83,11,'1999-01-17','Wild Barts Can\'t Be Broken'),(1155,83,12,'1999-01-31','Sunday, Cruddy Sunday'),(1156,83,13,'1999-02-07','Homer to the Max'),(1157,83,14,'1999-02-14','I\'m with Cupid'),(1158,83,15,'1999-02-21','Marge Simpson in \'Screaming Yellow Honkers\''),(1159,83,16,'1999-02-28','Make Room for Lisa'),(1160,83,17,'1999-03-28','Maximum Homerdrive'),(1161,83,18,'1999-04-04','Simpsons Bible Stories'),(1162,83,19,'1999-04-11','Mom and Pop Art'),(1163,83,20,'1999-04-25','The Old Man and the \'C\' Student'),(1164,83,21,'1999-05-02','Monty Can\'t Buy Me Love'),(1165,83,22,'1999-05-09','They Saved Lisa\'s Brain'),(1166,83,23,'1999-05-16','Thirty Minutes Over Tokyo'),(1167,84,1,'1999-09-26','Beyond Blunderdome'),(1168,84,2,'1999-10-03','Brother\'s Little Helper'),(1169,84,3,'1999-10-24','Guess Who\'s Coming to Criticize Dinner?'),(1170,84,4,'1999-10-31','Treehouse of Horror X'),(1171,84,5,'1999-11-07','E-I-E-I-(Annoyed Grunt)'),(1172,84,6,'1999-11-14','Hello Gutter, Hello Fadder'),(1173,84,7,'1999-11-21','Eight Misbehavin\''),(1174,84,8,'1999-11-28','Take My Wife, Sleaze'),(1175,84,9,'1999-12-19','Grift of the Magi'),(1176,84,10,'2000-01-09','Little Big Mom'),(1177,84,11,'2000-01-16','Faith Off'),(1178,84,12,'2000-01-23','The Mansion Family'),(1179,84,13,'2000-02-06','Saddlesore Galactica'),(1180,84,14,'2000-02-13','Alone Again, Natura-Diddly'),(1181,84,15,'2000-02-20','Missionary: Impossible'),(1182,84,16,'2000-02-27','Pygmoelian'),(1183,84,17,'2000-03-19','Bart to the Future'),(1184,84,18,'2000-04-09','Days of Wine and D\'oh\'ses'),(1185,84,19,'2000-04-30','Kill the Alligator and Run'),(1186,84,20,'2000-05-07','Last Tap Dance in Springfield'),(1187,84,21,'2000-05-14','It\'s a Mad, Mad, Mad, Mad Marge'),(1188,84,22,'2000-05-21','Behind the Laughter'),(1189,85,1,'2000-11-01','Treehouse of Horror XI'),(1190,85,2,'2000-11-05','A Tale of Two Springfields'),(1191,85,3,'2000-11-12','Insane Clown Poppy'),(1192,85,4,'2000-11-19','Lisa the Tree Hugger'),(1193,85,5,'2000-11-26','Homer vs. Dignity'),(1194,85,6,'2000-12-03','The Computer Wore Menace Shoes'),(1195,85,7,'2000-12-10','The Great Money Caper'),(1196,85,8,'2000-12-17','Skinner\'s Sense of Snow'),(1197,85,9,'2001-01-07','HOMR'),(1198,85,10,'2001-01-14','Pokey Mom'),(1199,85,11,'2001-02-04','Worst Episode Ever'),(1200,85,12,'2001-02-11','Tennis the Menace'),(1201,85,13,'2001-02-18','Day of the Jackanapes'),(1202,85,14,'2001-02-25','New Kids on the Blecch'),(1203,85,15,'2001-03-04','Hungry Hungry Homer'),(1204,85,16,'2001-03-11','Bye Bye Nerdie'),(1205,85,17,'2001-04-01','Simpson Safari'),(1206,85,18,'2001-04-29','Trilogy of Error'),(1207,85,19,'2001-05-06','I\'m Goin\' to Praiseland'),(1208,85,20,'2001-05-13','Children of a Lesser Clod'),(1209,85,21,'2001-05-20','Simpson Tall Tales'),(1210,86,1,'2001-11-06','Treehouse of Horror XII'),(1211,86,2,'2001-11-11','The Parent Rap'),(1212,86,3,'2001-11-18','Homer the Moe'),(1213,86,4,'2001-12-02','A Hunka Hunka Burns in Love'),(1214,86,5,'2001-12-09','The Blunder Years'),(1215,86,6,'2001-12-16','She of Little Faith'),(1216,86,7,'2002-01-06','Brawl in the Family'),(1217,86,8,'2002-01-20','Sweets and Sour Marge'),(1218,86,9,'2002-01-27','Jaws Wired Shut'),(1219,86,10,'2002-02-10','Half-Decent Proposal'),(1220,86,11,'2002-02-17','The Bart Wants What It Wants'),(1221,86,12,'2002-02-24','The Lastest Gun in the West'),(1222,86,13,'2002-03-10','The Old Man and the Key'),(1223,86,14,'2002-03-17','Tales from the Public Domain'),(1224,86,15,'2002-03-31','Blame It on Lisa'),(1225,86,16,'2002-04-07','Weekend at Burnsie\'s'),(1226,86,17,'2002-04-21','Gump Roast'),(1227,86,18,'2002-04-28','I Am Furious Yellow'),(1228,86,19,'2002-05-05','The Sweetest Apu'),(1229,86,20,'2002-05-12','Little Girl in the Big Ten'),(1230,86,21,'2002-05-19','The Frying Game'),(1231,86,22,'2002-05-22','Poppa\'s Got a Brand New Badge'),(1232,87,1,'2002-11-03','Treehouse of Horror XIII'),(1233,87,2,'2002-11-10','How I Spent My Strummer Vacation'),(1234,87,3,'2002-11-17','Bart vs. Lisa vs. the Third Grade'),(1235,87,4,'2002-11-24','Large Marge'),(1236,87,5,'2002-12-01','Helter Shelter'),(1237,87,6,'2002-12-15','The Great Louse Detective'),(1238,87,7,'2003-01-05','Special Edna'),(1239,87,8,'2003-01-12','The Dad Who Knew Too Little'),(1240,87,9,'2003-02-02','The Strong Arms of the Ma'),(1241,87,10,'2003-02-09','Pray Anything'),(1242,87,11,'2003-02-16','Barting Over'),(1243,87,12,'2003-02-16','I\'m Spelling as Fast as I Can'),(1244,87,13,'2003-03-02','A Star Is Born Again'),(1245,87,14,'2003-03-09','Mr. Spritz Goes to Washington'),(1246,87,15,'2003-03-16','C. E. D\'oh'),(1247,87,16,'2003-03-30','\'Scuse Me While I Miss the Sky'),(1248,87,17,'2003-04-13','Three Gays of the Condo'),(1249,87,18,'2003-04-27','Dude, Where\'s My Ranch?'),(1250,87,19,'2003-05-04','Old Yeller-Belly'),(1251,87,20,'2003-05-11','Brake My Wife, Please'),(1252,87,21,'2003-05-18','The Bart of War'),(1253,87,22,'2003-05-18','Moe Baby Blues'),(1254,88,1,'2003-11-02','Treehouse of Horror XIV'),(1255,88,2,'2003-11-09','My Mother the Carjacker'),(1256,88,3,'2003-11-16','The President Wore Pearls'),(1257,88,4,'2003-11-23','The Regina Monologues'),(1258,88,5,'2003-11-30','The Fat and the Furriest'),(1259,88,6,'2003-12-07','Today, I Am a Clown'),(1260,88,7,'2003-12-14','\'Tis the Fifteenth Season'),(1261,88,8,'2004-01-04','Marge vs. Singles, Seniors, Childless Couples and Teens, and Gays'),(1262,88,9,'2004-01-11','I, (Annoyed Grunt)-Bot'),(1263,88,10,'2004-01-25','Diatribe of a Mad Housewife'),(1264,88,11,'2004-02-08','Margical History Tour'),(1265,88,12,'2004-02-15','Milhouse Doesn\'t Live Here Anymore'),(1266,88,13,'2004-02-22','Smart & Smarter'),(1267,88,14,'2004-03-14','The Ziff Who Came to Dinner'),(1268,88,15,'2004-03-21','Co-Dependent\'s Day'),(1269,88,16,'2004-03-28','The Wandering Juvie'),(1270,88,17,'2004-04-18','My Big Fat Geek Wedding'),(1271,88,18,'2004-04-25','Catch \'Em If You Can'),(1272,88,19,'2004-05-02','Simple Simpson'),(1273,88,20,'2004-05-09','The Way We Weren\'t'),(1274,88,21,'2004-05-16','Bart-Mangled Banner'),(1275,88,22,'2004-05-23','Fraudcast News'),(1276,89,1,'2004-11-07','Treehouse of Horror XV'),(1277,89,2,'2004-11-14','All\'s Fair in Oven War'),(1278,89,3,'2004-11-21','Sleeping with the Enemy'),(1279,89,4,'2004-12-05','She Used to Be My Girl'),(1280,89,5,'2004-12-12','Fat Man and Little Boy'),(1281,89,6,'2005-01-16','Midnight Rx'),(1282,89,7,'2005-01-30','Mommie Beerest'),(1283,89,8,'2005-02-06','Homer and Ned\'s Hail Mary Pass'),(1284,89,9,'2005-02-13','Pranksta Rap'),(1285,89,10,'2005-02-20','There\'s Something About Marrying'),(1286,89,11,'2005-03-06','On a Clear Day I Can\'t See My Sister'),(1287,89,12,'2005-03-13','Goo Goo Gai Pan'),(1288,89,13,'2005-03-20','Mobile Homer'),(1289,89,14,'2005-04-03','The Seven-Beer Snitch'),(1290,89,15,'2005-04-17','Future-Drama'),(1291,89,16,'2005-05-01','Don\'t Fear the Roofer'),(1292,89,17,'2005-05-01','The Heartbroke Kid'),(1293,89,18,'2005-05-08','A Star Is Torn'),(1294,89,19,'2005-05-08','Thank God It\'s Doomsday'),(1295,89,20,'2005-05-15','Home Away from Homer'),(1296,89,21,'2005-05-15','The Father, the Son, and the Holy Guest Star'),(1297,90,1,'2005-09-11','Bonfire of the Manatees'),(1298,90,2,'2005-09-18','The Girl Who Slept Too Little'),(1299,90,3,'2005-09-25','Milhouse of Sand and Fog'),(1300,90,4,'2005-11-06','Treehouse of Horror XVI'),(1301,90,5,'2005-11-13','Marge\'s Son Poisoning'),(1302,90,6,'2005-11-20','See Homer Run'),(1303,90,7,'2005-11-27','The Last of the Red Hat Mamas'),(1304,90,8,'2005-12-11','The Italian Bob'),(1305,90,9,'2005-12-18','Simpsons Christmas Stories'),(1306,90,10,'2006-01-08','Homer\'s Paternity Coot'),(1307,90,11,'2006-01-29','We\'re on the Road to D\'owhere'),(1308,90,12,'2006-02-26','My Fair Laddy'),(1309,90,13,'2006-03-12','The Seemingly Never-Ending Story'),(1310,90,14,'2006-03-19','Bart Has Two Mommies'),(1311,90,15,'2006-03-26','Homer Simpson, This Is Your Wife'),(1312,90,16,'2006-04-02','Million Dollar Abie'),(1313,90,17,'2006-04-09','Kiss Kiss, Bang Bangalore'),(1314,90,18,'2006-04-23','The Wettest Stories Ever Told'),(1315,90,19,'2006-04-30','Girls Just Want to Have Sums'),(1316,90,20,'2006-05-07','Regarding Margie'),(1317,90,21,'2006-05-14','The Monkey Suit'),(1318,90,22,'2006-05-21','Marge and Homer Turn a Couple Play'),(1319,91,1,'2006-09-10','The Mook, the Chef, the Wife and Her Homer'),(1320,91,2,'2006-09-17','Jazzy & The Pussycats'),(1321,91,3,'2006-09-24','Please Homer Don\'t Hammer \'em'),(1322,91,4,'2006-11-05','Treehouse of Horror XVII'),(1323,91,5,'2006-11-12','GI (Annoyed Grunt)'),(1324,91,6,'2006-11-19','Moe\'N\'A Lisa'),(1325,91,7,'2006-11-26','Ice Cream of Margie: With the Light Blue Hair'),(1326,91,8,'2006-12-10','The Haw-Hawed Couple'),(1327,91,9,'2006-12-17','Kill Gil, Volumes I & II'),(1328,91,10,'2007-01-07','The Wife Aquatic'),(1329,91,11,'2007-01-28','Revenge Is a Dish Best Served Three Times'),(1330,91,12,'2007-02-11','Little Big Girl'),(1331,91,13,'2007-02-18','Springfield Up'),(1332,91,14,'2007-03-04','Yokel Chords'),(1333,91,15,'2007-03-11','Rome-old and Juli-eh'),(1334,91,16,'2007-03-25','Homerazzi'),(1335,91,17,'2007-04-22','Marge Gamer'),(1336,91,18,'2007-04-29','The Boys of Bummer'),(1337,91,19,'2007-05-06','Crook and Ladder'),(1338,91,20,'2007-05-13','Stop or My Dog Will Shoot'),(1339,91,21,'2007-05-20','24 Minutes'),(1340,91,22,'2007-05-20','You Kent Always Say What You Want'),(1341,92,1,'2007-09-23','He Loves to Fly and He D\'ohs'),(1342,92,2,'2007-09-30','Homer of Seville'),(1343,92,3,'2007-10-07','Midnight Towboy'),(1344,92,4,'2007-10-14','I Don\'t Wanna Know Why the Caged Bird Sings'),(1345,92,5,'2007-11-04','Treehouse of Horror XVIII'),(1346,92,6,'2007-11-11','Little Orphan Millie'),(1347,92,7,'2007-11-18','Husbands and Knives'),(1348,92,8,'2007-11-25','Funeral for a Fiend'),(1349,92,9,'2007-12-16','Eternal Moonshine of the Simpson Mind'),(1350,92,10,'2008-01-06','E Pluribus Wiggum'),(1351,92,11,'2008-01-27','That \'90s Show'),(1352,92,12,'2008-02-17','Love, Springfieldian Style'),(1353,92,13,'2008-03-02','The DeBarted'),(1354,92,14,'2008-03-09','Dial \'N\' for Nerder'),(1355,92,15,'2008-03-30','Smoke on the Daughter'),(1356,92,16,'2008-04-13','Papa Don\'t Leech'),(1357,92,17,'2008-04-27','Apocalypse Cow'),(1358,92,18,'2008-05-04','Any Given Sundance'),(1359,92,19,'2008-05-11','Mona Leaves-a'),(1360,92,20,'2008-05-18','All About Lisa'),(1361,93,1,'2008-09-28','Sex, Pies and Idiot Scrapes'),(1362,93,2,'2008-10-05','Lost Verizon'),(1363,93,3,'2008-10-19','Double, Double, Boy in Trouble'),(1364,93,4,'2008-11-02','Treehouse of Horror XIX'),(1365,93,5,'2008-11-09','Dangerous Curves'),(1366,93,6,'2008-11-16','Homer and Lisa Exchange Cross Words'),(1367,93,7,'2008-11-30','Mypods and Boomsticks'),(1368,93,8,'2008-12-07','The Burns and the Bees'),(1369,93,9,'2009-01-25','Lisa the Drama Queen'),(1370,93,10,'2009-02-15','Take My Life, Please'),(1371,93,11,'2009-03-01','How the Test Was Won'),(1372,93,12,'2009-03-08','No Loan Again, Naturally'),(1373,93,13,'2009-03-15','Gone Maggie Gone'),(1374,93,14,'2009-03-22','In the Name of the Grandfather'),(1375,93,15,'2009-03-29','Wedding for Disaster'),(1376,93,16,'2009-04-05','Eeny Teeny Maya Moe'),(1377,93,17,'2009-04-19','The Good, the Sad and the Drugly'),(1378,93,18,'2009-04-26','Father Knows Worst'),(1379,93,19,'2009-05-03','Waverly Hills 9-0-2-1-D\'oh'),(1380,93,20,'2009-05-10','Four Great Women and a Manicure'),(1381,93,21,'2009-05-17','Coming to Homerica'),(1382,94,1,'2009-09-27','Homer the Whopper'),(1383,94,2,'2009-10-04','Bart Gets a \'Z\''),(1384,94,3,'2009-10-11','The Great Wife Hope'),(1385,94,4,'2009-10-18','Treehouse of Horror XX'),(1386,94,5,'2009-11-15','The Devil Wears Nada'),(1387,94,6,'2009-11-22','Pranks and Greens'),(1388,94,7,'2009-11-29','Rednecks and Broomsticks'),(1389,94,8,'2009-12-13','O Brother, Where Bart Thou?'),(1390,94,9,'2010-01-03','Thursdays with Abie'),(1391,94,10,'2010-01-10','Once Upon a Time in Springfield'),(1392,94,11,'2010-01-31','Million Dollar Maybe'),(1393,94,12,'2010-02-14','Boy Meets Curl'),(1394,94,13,'2010-02-21','The Color Yellow'),(1395,94,14,'2010-03-14','Postcards from the Wedge'),(1396,94,15,'2010-03-21','Stealing First Base'),(1397,94,16,'2010-03-28','The Greatest Story Ever D\'ohed'),(1398,94,17,'2010-04-11','American History X-cellent'),(1399,94,18,'2010-04-18','Chief of Hearts'),(1400,94,19,'2010-04-25','The Squirt and the Whale'),(1401,94,20,'2010-05-02','To Surveil, with Love'),(1402,94,21,'2010-05-09','Moe Letter Blues'),(1403,94,22,'2010-05-16','The Bob Next Door'),(1404,94,23,'2010-05-23','Judge Me Tender'),(1405,95,1,'2010-09-26','Elementary School Musical'),(1406,95,2,'2010-10-03','Loan-a Lisa'),(1407,95,3,'2010-10-10','MoneyBart'),(1408,95,4,'2010-11-07','Treehouse of Horror XXI'),(1409,95,5,'2010-11-14','Lisa Simpson, This Isn\'t Your Life'),(1410,95,6,'2010-11-21','The Fool Monty'),(1411,95,7,'2010-11-28','How Munched Is That Birdie in the Window?'),(1412,95,8,'2010-12-05','The Fight Before Christmas'),(1413,95,9,'2010-12-12','Donnie Fatso'),(1414,95,10,'2011-01-09','Moms I\'d Like to Forget'),(1415,95,11,'2011-01-16','Flaming Moe'),(1416,95,12,'2011-01-23','Homer the Father'),(1417,95,13,'2011-02-13','The Blue and the Gray'),(1418,95,14,'2011-02-20','Angry Dad: The Movie'),(1419,95,15,'2011-03-06','The Scorpion\'s Tale'),(1420,95,16,'2011-03-13','A Midsummer\'s Nice Dream'),(1421,95,17,'2011-03-27','Love Is a Many Strangled Thing'),(1422,95,18,'2011-04-10','The Great Simpsina'),(1423,95,19,'2011-05-01','The Real Housewives of Fat Tony'),(1424,95,20,'2011-05-08','Homer Scissorhands'),(1425,95,21,'2011-05-15','500 Keys'),(1426,95,22,'2011-05-22','The Ned-Liest Catch'),(1427,96,1,'2011-09-25','The Falcon and the D\'Ohman'),(1428,96,2,'2011-10-02','Bart Stops to Smell the Roosevelts'),(1429,96,3,'2011-10-30','Treehouse of Horror XXII'),(1430,96,4,'2011-11-06','Replaceable You'),(1431,96,5,'2011-11-13','The Food Wife'),(1432,96,6,'2011-11-20','The Book Job'),(1433,96,7,'2011-11-27','The Man in the Blue Flannel Pants'),(1434,96,8,'2011-12-04','The Ten-Per-Cent Solution'),(1435,96,9,'2011-12-11','Holidays of Future Passed'),(1436,96,10,'2012-01-08','Politically Inept, with Homer Simpson'),(1437,96,11,'2012-01-15','The D\'oh-cial Network'),(1438,96,12,'2012-01-29','Moe Goes from Rags to Riches'),(1439,96,13,'2012-02-12','The Daughter Also Rises'),(1440,96,14,'2012-02-19','At Long Last Leave'),(1441,96,15,'2012-03-04','Exit Through the Kwik-E-Mart'),(1442,96,16,'2012-03-11','How I Wet Your Mother'),(1443,96,17,'2012-03-18','Them, Robot'),(1444,96,18,'2012-04-15','Beware My Cheating Bart'),(1445,96,19,'2012-04-29','A Totally Fun Thing Bart Will Never Do Again'),(1446,96,20,'2012-05-06','The Spy Who Learned Me'),(1447,96,21,'2012-05-13','Ned \'N\' Edna\'s Blend'),(1448,96,22,'2012-05-20','Lisa Goes Gaga'),(1449,97,1,'2012-09-30','Moonshine River'),(1450,97,2,'2012-10-07','Treehouse of Horror XXIII'),(1451,97,3,'2012-11-04','Adventures in Baby-Getting'),(1452,97,4,'2012-11-11','Gone Abie Gone'),(1453,97,4,'2012-11-11','Gone Abie Gone'),(1454,97,5,'2012-11-18','Penny-Wiseguys'),(1455,97,6,'2012-11-25','A Tree Grows in Springfield'),(1456,97,7,'2012-12-09','The Day the Earth Stood Cool'),(1457,97,8,'2012-12-16','To Cur with Love'),(1458,97,9,'2013-01-06','Homer Goes to Prep School'),(1459,97,10,'2013-01-13','A Test Before Trying'),(1460,97,11,'2013-01-27','Changing of the Guardian'),(1461,97,12,'2013-02-10','Love Is a Many Splintered Thing'),(1462,97,13,'2013-02-17','Hardly Kirk-ing'),(1463,97,14,'2013-03-03','Gorgeous Grampa'),(1464,97,15,'2013-03-10','Black-Eyed, Please'),(1465,97,16,'2013-03-17','Dark Knight Court'),(1466,97,17,'2013-04-14','What Animated Women Want'),(1467,97,18,'2013-04-28','Pulpit Friction'),(1468,97,19,'2013-05-05','Whiskey Business'),(1469,97,20,'2013-05-12','The Fabulous Faker Boy'),(1470,97,21,'2013-05-19','The Saga of Carl'),(1471,97,22,'2013-05-19','Dangers on a Train'),(1472,98,1,'2013-09-29','Homerland'),(1473,98,2,'2013-10-06','Treehouse of Horror XXIV'),(1474,98,3,'2013-11-03','Four Regrettings and a Funeral'),(1475,98,4,'2013-11-10','YOLO'),(1476,98,5,'2013-11-17','Labor Pains'),(1477,98,6,'2013-11-24','The Kid Is All Right'),(1478,98,7,'2013-12-08','Yellow Subterfuge'),(1479,98,8,'2013-12-15','White Christmas Blues'),(1480,98,9,'2014-01-05','Steal This Episode'),(1481,98,10,'2014-01-12','Married to the Blob'),(1482,98,11,'2014-01-26','Specs and the City'),(1483,98,12,'2014-03-09','Diggs'),(1484,98,13,'2014-03-09','The Man Who Grew Too Much'),(1485,98,14,'2014-03-16','The Winter of His Content'),(1486,98,15,'2014-03-23','The War of Art'),(1487,98,16,'2014-03-30','You Don\'t Have to Live Like a Referee'),(1488,98,17,'2014-04-06','Luca$'),(1489,98,18,'2014-04-13','Days of Future Future'),(1490,98,19,'2014-04-27','What to Expect When Bart\'s Expecting'),(1491,98,20,'2014-05-04','Brick Like Me'),(1492,98,21,'2014-05-11','Pay Pal'),(1493,98,22,'2014-05-18','The Yellow Badge of Cowardge'),(1494,99,1,'2014-09-28','Clown in the Dumps'),(1495,99,2,'2014-10-05','The Wreck of the Relationship'),(1496,99,3,'2014-10-12','Super Franchise Me'),(1497,99,4,'2014-10-19','Treehouse of Horror XXV'),(1498,99,5,'2014-11-02','Opposites A-Frack'),(1499,99,6,'2014-11-09','Simpsorama'),(1500,99,7,'2014-11-16','Blazed and Confused'),(1501,99,8,'2014-11-23','Covercraft'),(1502,99,9,'2014-12-07','I Won\'t Be Home for Christmas'),(1503,99,10,'2015-01-04','The Man Who Came to Be Dinner'),(1504,99,11,'2015-01-11','Bart\'s New Friend'),(1505,99,12,'2015-01-25','The Musk Who Fell to Earth'),(1506,99,13,'2015-02-08','Walking Big & Tall'),(1507,99,14,'2015-02-15','My Fare Lady'),(1508,99,15,'2015-03-01','The Princess Guide'),(1509,99,16,'2015-03-08','Sky Police'),(1510,99,17,'2015-03-15','Waiting for Duffman'),(1511,99,18,'2015-04-19','Peeping Mom'),(1512,99,19,'2015-04-26','The Kids Are All Fight'),(1513,99,20,'2015-05-03','Let\'s Go Fly a Coot'),(1514,99,21,'2015-05-10','Bull-E'),(1515,99,22,'2015-05-17','Mathlete\'s Feat'),(1516,100,1,'2015-09-27','Every Man\'s Dream'),(1517,100,2,'2015-10-04','\'Cue Detective'),(1518,100,3,'2015-10-11','Puffless'),(1519,100,4,'2015-10-18','Halloween of Horror'),(1520,100,5,'2015-10-25','Treehouse of Horror XXVI'),(1521,100,6,'2015-11-08','Friend with Benefit'),(1522,100,7,'2015-11-22','Lisa with an \"S\"'),(1523,100,8,'2015-12-06','Paths of Glory'),(1524,100,9,'2015-12-13','Barthood'),(1525,100,10,'2016-01-03','The Girl Code'),(1526,100,11,'2016-01-10','Teenage Mutant Milk-Caused Hurdles'),(1527,100,12,'2016-01-17','Much Apu About Something'),(1528,100,13,'2016-02-14','Love Is in the N2-O2-Ar-CO2-Ne-He-CH4'),(1529,100,14,'2016-02-21','Gal of Constant Sorrow'),(1530,100,15,'2016-03-06','Lisa the Veterinarian'),(1531,100,16,'2016-03-13','The Marge-ian Chronicles'),(1532,100,17,'2016-04-03','The Burns Cage'),(1533,100,18,'2016-04-10','How Lisa Got Her Marge Back'),(1534,100,19,'2016-04-24','Fland Canyon'),(1535,100,21,'2016-05-15','Simprovised'),(1536,100,22,'2016-05-22','Orange Is the New Yellow'),(1537,101,1,'2016-09-25','Monty Burns\' Fleeing Circus'),(1538,101,2,'2016-10-02','Friends and Family'),(1539,101,4,'2016-10-16','Treehouse of Horror XXVII'),(1540,101,5,'2016-10-23','Trust But Clarify'),(1541,101,6,'2016-11-06','There Will Be Buds'),(1542,101,9,'2016-12-04','The Last Traction Hero'),(1543,101,10,'2016-12-11','The Nightmare After Krustmas'),(1544,101,22,'2017-05-01','Episode #28.22'),(1545,102,1,'2016-07-15','Chapter One: The Vanishing of Will Byers'),(1546,102,2,'2016-07-15','Chapter Two: The Weirdo on Maple Street'),(1547,102,3,'2016-07-15','Chapter Three: Holly, Jolly'),(1548,102,4,'2016-07-15','Chapter Four: The Body'),(1549,102,5,'2016-07-15','Chapter Five: The Flea and the Acrobat'),(1550,102,6,'2016-07-15','Chapter Six: The Monster'),(1551,102,7,'2016-07-15','Chapter Seven: The Bathtub'),(1552,102,8,'2016-07-15','Chapter Eight: The Upside Down'),(1553,103,1,'2017-07-01','Madmax'),(1554,103,2,'2017-07-01','The Boy Who Came Back to Life'),(1555,103,3,NULL,'The Pumpkin Patch'),(1556,103,4,NULL,'The Palace'),(1557,103,5,NULL,'The Storm'),(1558,103,6,NULL,'The Pollywog'),(1559,103,7,NULL,'The Secret Cabin'),(1560,103,8,NULL,'The Brain'),(1561,103,9,NULL,'The Lost Brother'),(1562,104,1,'2004-09-22','Pilot: Part 1'),(1563,104,2,'2004-09-29','Pilot: Part 2'),(1564,104,3,'2004-10-06','Tabula Rasa'),(1565,104,4,'2004-10-13','Walkabout'),(1566,104,5,'2004-10-20','White Rabbit'),(1567,104,6,'2004-10-27','House of the Rising Sun'),(1568,104,7,'2004-11-03','The Moth'),(1569,104,8,'2004-11-10','Confidence Man'),(1570,104,9,'2004-11-17','Solitary'),(1571,104,10,'2004-12-01','Raised by Another'),(1572,104,11,'2004-12-08','All the Best Cowboys Have Daddy Issues'),(1573,104,12,'2005-01-05','Whatever the Case May Be'),(1574,104,13,'2005-01-12','Hearts and Minds'),(1575,104,14,'2005-01-19','Special'),(1576,104,15,'2005-02-09','Homecoming'),(1577,104,16,'2005-02-16','Outlaws'),(1578,104,17,'2005-02-23','...In Translation'),(1579,104,18,'2005-03-02','Numbers'),(1580,104,19,'2005-03-30','Deus Ex Machina'),(1581,104,20,'2005-04-06','Do No Harm'),(1582,104,21,'2005-05-04','The Greater Good'),(1583,104,22,'2005-05-11','Born to Run'),(1584,104,23,'2005-05-18','Exodus: Part 1'),(1585,104,24,'2005-05-25','Exodus: Part 2'),(1586,104,25,'2005-05-25','Exodus: Part 2 (Part II)'),(1587,105,1,'2005-09-21','Man of Science, Man of Faith'),(1588,105,2,'2005-09-28','Adrift'),(1589,105,3,'2005-10-05','Orientation'),(1590,105,4,'2005-10-12','Everybody Hates Hugo'),(1591,105,5,'2005-10-19','...And Found'),(1592,105,6,'2005-11-09','Abandoned'),(1593,105,7,'2005-11-16','The Other 48 Days'),(1594,105,8,'2005-11-23','Collision'),(1595,105,9,'2005-11-30','What Kate Did'),(1596,105,11,'2006-01-18','The Hunting Party'),(1597,105,12,'2006-01-25','Fire + Water'),(1598,105,13,'2006-02-08','The Long Con'),(1599,105,14,'2006-02-15','One of Them'),(1600,105,15,'2006-03-01','Maternity Leave'),(1601,105,16,'2006-03-22','The Whole Truth'),(1602,105,17,'2006-03-29','Lockdown'),(1603,105,18,'2006-04-05','Dave'),(1604,105,19,'2006-04-12','S.O.S.'),(1605,105,20,'2006-05-03','Two for the Road'),(1606,105,21,'2006-05-10','?'),(1607,105,22,'2006-05-17','Three Minutes'),(1608,105,23,'2006-05-24','Live Together, Die Alone'),(1609,106,1,'2006-10-04','A Tale of Two Cities'),(1610,106,2,'2006-10-11','The Glass Ballerina'),(1611,106,3,'2006-10-18','Further Instructions'),(1612,106,4,'2006-10-25','Every Man for Himself'),(1613,106,5,'2006-11-01','The Cost of Living'),(1614,106,6,'2006-11-08','I Do'),(1615,106,7,'2007-02-07','Not in Portland'),(1616,106,8,'2007-02-14','Flashes Before Your Eyes'),(1617,106,9,'2007-02-21','Stranger in a Strange Land'),(1618,106,10,'2007-02-28','Tricia Tanaka Is Dead'),(1619,106,11,'2007-03-07','Enter 77'),(1620,106,12,'2007-03-14','Par Avion'),(1621,106,13,'2007-03-21','The Man from Tallahassee'),(1622,106,14,'2007-03-28','Exposé'),(1623,106,15,'2007-04-04','Left Behind'),(1624,106,16,'2007-04-11','One of Us'),(1625,106,17,'2007-04-18','Catch-22'),(1626,106,18,'2007-04-25','D.O.C.'),(1627,106,19,'2007-05-02','The Brig'),(1628,106,20,'2007-05-09','The Man Behind the Curtain'),(1629,106,21,'2007-05-16','Greatest Hits'),(1630,106,22,'2007-05-23','Through the Looking Glass'),(1631,107,1,'2008-01-31','The Beginning of the End'),(1632,107,2,'2008-02-07','Confirmed Dead'),(1633,107,3,'2008-02-14','The Economist'),(1634,107,4,'2008-02-21','Eggtown'),(1635,107,5,'2008-02-28','The Constant'),(1636,107,6,'2008-03-06','The Other Woman'),(1637,107,7,'2008-03-13','Ji Yeon'),(1638,107,8,'2008-03-20','Meet Kevin Johnson'),(1639,107,9,'2008-04-24','The Shape of Things to Come'),(1640,107,10,'2008-05-01','Something Nice Back Home'),(1641,107,11,'2008-05-08','Cabin Fever'),(1642,107,12,'2008-05-15','There\'s No Place Like Home: Part 1'),(1643,107,13,'2008-05-29','There\'s No Place Like Home: Part 2'),(1644,107,14,'2008-05-29','There\'s No Place Like Home: Part 3'),(1645,108,1,'2009-01-21','Because You Left'),(1646,108,2,'2009-01-21','The Lie'),(1647,108,3,'2009-01-28','Jughead'),(1648,108,4,'2009-02-04','The Little Prince'),(1649,108,5,'2009-02-11','This Place Is Death'),(1650,108,6,'2009-02-18','316'),(1651,108,7,'2009-02-25','The Life and Death of Jeremy Bentham'),(1652,108,8,'2009-03-04','LaFleur'),(1653,108,9,'2009-03-18','Namaste'),(1654,108,10,'2009-03-25','He\'s Our You'),(1655,108,11,'2009-04-01','Whatever Happened, Happened'),(1656,108,12,'2009-04-08','Dead Is Dead'),(1657,108,13,'2009-04-15','Some Like It Hoth'),(1658,108,14,'2009-04-29','The Variable'),(1659,108,15,'2009-05-06','Follow the Leader'),(1660,108,16,'2009-05-16','The Incident: Part 1'),(1661,108,17,'2009-05-13','The Incident: Part 2'),(1662,109,1,'2010-02-02','LA X - Part 1'),(1663,109,2,'2010-02-02','LA X - Part 2'),(1664,109,3,'2010-02-09','What Kate Does'),(1665,109,4,'2010-02-16','The Substitute'),(1666,109,5,'2010-02-23','Lighthouse'),(1667,109,6,'2010-03-02','Sundown'),(1668,109,7,'2010-03-09','Dr. Linus'),(1669,109,8,'2010-03-16','Recon'),(1670,109,9,'2010-03-23','Ab Aeterno'),(1671,109,10,'2010-03-30','The Package'),(1672,109,11,'2010-04-06','Happily Ever After'),(1673,109,12,'2010-04-13','Everybody Loves Hugo'),(1674,109,13,'2010-04-20','The Last Recruit'),(1675,109,14,'2010-05-04','The Candidate'),(1676,109,15,'2010-05-11','Across the Sea'),(1677,109,16,'2010-05-18','What They Died For'),(1678,109,17,'2010-05-23','The End'),(1679,110,1,'2001-11-06','12:00 a.m.-1:00 a.m.'),(1680,110,2,'2001-11-13','1:00 a.m.-2:00 a.m.'),(1681,110,3,'2001-11-20','2:00 a.m.-3:00 a.m.'),(1682,110,4,'2001-11-27','3:00 a.m.-4:00 a.m.'),(1683,110,5,'2001-12-11','4:00 a.m.-5:00 a.m.'),(1684,110,6,'2001-12-18','5:00 a.m.-6:00 a.m.'),(1685,110,7,'2002-01-08','6:00 a.m.-7:00 a.m.'),(1686,110,8,'2002-01-15','7:00 a.m.-8:00 a.m.'),(1687,110,9,'2002-01-22','8:00 a.m.-9:00 a.m.'),(1688,110,10,'2002-02-05','9:00 a.m.-10:00 a.m.'),(1689,110,11,'2002-02-12','10:00 a.m.-11:00 a.m.'),(1690,110,12,'2002-02-19','11:00 a.m.-12:00 p.m.'),(1691,110,13,'2002-02-26','12:00 p.m.-1:00 p.m.'),(1692,110,14,'2002-03-05','1:00 p.m.-2:00 p.m.'),(1693,110,15,'2002-03-12','2:00 p.m.-3:00 p.m.'),(1694,110,16,'2002-03-19','3:00 p.m.-4:00 p.m.'),(1695,110,17,'2002-03-26','4:00 p.m.-5:00 p.m.'),(1696,110,18,'2002-04-02','5:00 p.m.-6:00 p.m.'),(1697,110,19,'2002-04-09','6:00 p.m.-7:00 p.m.'),(1698,110,20,'2002-04-16','7:00 p.m.-8:00 p.m.'),(1699,110,21,'2002-04-23','8:00 p.m.-9:00 p.m.'),(1700,110,22,'2002-05-07','9:00 p.m.-10:00 p.m.'),(1701,110,23,'2002-05-14','10:00 p.m.-11:00 p.m.'),(1702,110,24,'2002-05-21','11:00 p.m.-12:00 a.m.'),(1703,111,1,'2002-10-29','Day 2: 8:00 a.m.-9:00 a.m.'),(1704,111,2,'2002-11-05','Day 2: 9:00 a.m.-10:00 a.m.'),(1705,111,3,'2002-11-12','Day 2: 10:00 a.m.-11:00 a.m.'),(1706,111,4,'2002-11-19','Day 2: 11:00 a.m.-12:00 p.m.'),(1707,111,5,'2002-11-26','Day 2: 12:00 p.m.-1:00 p.m.'),(1708,111,6,'2002-12-03','Day 2: 1:00 p.m.-2:00 p.m.'),(1709,111,7,'2002-12-10','Day 2: 2:00 p.m.-3:00 p.m.'),(1710,111,8,'2002-12-17','Day 2: 3:00 p.m.-4:00 p.m.'),(1711,111,9,'2003-01-14','Day 2: 4:00 p.m.-5:00 p.m.'),(1712,111,10,'2003-01-21','Day 2: 5:00 p.m.-6:00 p.m.'),(1713,111,11,'2003-02-04','Day 2: 6:00 p.m.-7:00 p.m.'),(1714,111,12,'2003-02-11','Day 2: 7:00 p.m.-8:00 p.m.'),(1715,111,13,'2003-02-18','Day 2: 8:00 p.m.-9:00 p.m.'),(1716,111,14,'2003-02-25','Day 2: 9:00 p.m.-10:00 p.m.'),(1717,111,15,'2003-03-04','Day 2: 10:00 p.m.-11:00 p.m.'),(1718,111,16,'2003-03-25','Day 2: 11:00 p.m.-12:00 a.m.'),(1719,111,17,'2003-04-01','Day 2: 12:00 a.m.-1:00 a.m.'),(1720,111,18,'2003-04-08','Day 2: 1:00 a.m.-2:00 a.m.'),(1721,111,19,'2003-04-15','Day 2: 2:00 a.m.-3:00 a.m.'),(1722,111,20,'2003-04-22','Day 2: 3:00 a.m.-4:00 a.m.'),(1723,111,21,'2003-04-29','Day 2: 4:00 a.m.-5:00 a.m.'),(1724,111,22,'2003-05-06','Day 2: 5:00 a.m.-6:00 a.m.'),(1725,111,23,'2003-05-13','Day 2: 6:00 a.m.-7:00 a.m.'),(1726,111,24,'2003-05-20','Day 2: 7:00 a.m.-8:00 a.m.'),(1727,112,1,'2003-10-28','Day 3: 1:00 p.m.-2:00 p.m.'),(1728,112,2,'2003-11-04','Day 3: 2:00 p.m.-3:00 p.m.'),(1729,112,3,'2003-11-11','Day 3: 3:00 p.m.-4:00 p.m.'),(1730,112,4,'2003-11-18','Day 3: 4:00 p.m.-5:00 p.m.'),(1731,112,5,'2003-11-25','Day 3: 5:00 p.m.-6:00 p.m.'),(1732,112,6,'2003-12-02','Day 3: 6:00 p.m.-7:00 p.m.'),(1733,112,7,'2003-12-09','Day 3: 7:00 p.m.-8:00 p.m.'),(1734,112,8,'2003-12-16','Day 3: 8:00 p.m.-9:00 p.m.'),(1735,112,9,'2004-01-06','Day 3: 9:00 p.m.-10:00 p.m.'),(1736,112,10,'2004-01-13','Day 3: 10:00 p.m.-11:00 p.m.'),(1737,112,11,'2004-01-27','Day 3: 11:00 p.m.-12:00 a.m.'),(1738,112,12,'2004-02-03','Day 3: 12:00 a.m.-1:00 a.m.'),(1739,112,13,'2004-02-10','Day 3: 1:00 a.m.-2:00 a.m.'),(1740,112,14,'2004-02-17','Day 3: 2:00 a.m.-3:00 a.m.'),(1741,112,15,'2004-02-24','Day 3: 3:00 a.m.-4:00 a.m.'),(1742,112,16,'2004-03-30','Day 3: 4:00 a.m.-5:00 a.m.'),(1743,112,17,'2004-04-06','Day 3: 5:00 a.m.-6:00 a.m.'),(1744,112,18,'2004-04-18','Day 3: 6:00 a.m.-7:00 a.m.'),(1745,112,19,'2004-04-20','Day 3: 7:00 a.m.-8:00 a.m.'),(1746,112,20,'2004-04-27','Day 3: 8:00 a.m.-9:00 a.m.'),(1747,112,21,'2004-05-04','Day 3: 9:00 a.m.-10:00 a.m.'),(1748,112,22,'2004-05-11','Day 3: 10:00 a.m.-11:00 a.m.'),(1749,112,23,'2004-05-18','Day 3: 11:00 a.m.-12:00 p.m.'),(1750,112,24,'2004-05-25','Day 3: 12:00 p.m.-1:00 p.m.'),(1751,113,0,'2004-12-07','Season 4 Prequel'),(1752,113,1,'2005-01-09','Day 4: 7:00 a.m.-8:00 a.m.'),(1753,113,2,'2005-01-09','Day 4: 8:00 a.m.-9:00 a.m.'),(1754,113,3,'2005-01-10','Day 4: 9:00 a.m.-10:00 a.m.'),(1755,113,4,'2005-01-10','Day 4: 10:00 a.m.-11:00 a.m.'),(1756,113,5,'2005-01-17','Day 4: 11:00 a.m.-12:00 p.m.'),(1757,113,6,'2005-01-24','Day 4: 12:00 p.m.-1:00 p.m.'),(1758,113,7,'2005-01-31','Day 4: 1:00 p.m.-2:00 p.m.'),(1759,113,8,'2005-02-07','Day 4: 2:00 p.m.-3:00 p.m.'),(1760,113,9,'2005-02-14','Day 4: 3:00 p.m.-4:00 p.m.'),(1761,113,10,'2005-02-21','Day 4: 4:00 p.m.-5:00 p.m.'),(1762,113,11,'2005-02-28','Day 4: 5:00 p.m.-6:00 p.m.'),(1763,113,12,'2005-03-07','Day 4: 6:00 p.m.-7:00 p.m.'),(1764,113,13,'2005-03-14','Day 4: 7:00 p.m.-8:00 p.m.'),(1765,113,14,'2005-03-21','Day 4: 8:00 p.m.-9:00 p.m.'),(1766,113,15,'2005-03-28','Day 4: 9:00 p.m.-10:00 p.m.'),(1767,113,16,'2005-04-04','Day 4: 10:00 p.m.-11:00 p.m.'),(1768,113,17,'2005-04-11','Day 4: 11:00 p.m.-12:00 a.m.'),(1769,113,18,'2005-04-18','Day 4: 12:00 a.m.-1:00 a.m.'),(1770,113,19,'2005-04-25','Day 4: 1:00 a.m.-2:00 a.m.'),(1771,113,20,'2005-05-02','Day 4: 2:00 a.m.-3:00 a.m.'),(1772,113,21,'2005-05-09','Day 4: 3:00 a.m.-4:00 a.m.'),(1773,113,22,'2005-05-16','Day 4: 4:00 a.m.-5:00 a.m.'),(1774,113,23,'2005-05-23','Day 4: 5:00 a.m.-6:00 a.m.'),(1775,113,24,'2005-05-23','Day 4: 6:00 a.m.-7:00 a.m.'),(1776,114,0,'2005-12-06','Season 5 Prequel'),(1777,114,1,'2006-01-15','Day 5: 7:00 a.m.-8:00 a.m.'),(1778,114,2,'2006-01-15','Day 5: 8:00 a.m.-9:00 a.m.'),(1779,114,3,'2006-01-16','Day 5: 9:00 a.m.-10:00 a.m.'),(1780,114,4,'2006-01-16','Day 5: 10:00 a.m.-11:00 a.m.'),(1781,114,5,'2006-01-23','Day 5: 11:00 a.m.-12:00 p.m.'),(1782,114,6,'2006-01-30','Day 5: 12:00 p.m.-1:00 p.m.'),(1783,114,7,'2006-02-06','Day 5: 1:00 p.m.-2:00 p.m.'),(1784,114,8,'2006-02-13','Day 5: 2:00 p.m.-3:00 p.m.'),(1785,114,9,'2006-02-20','Day 5: 3:00 p.m.-4:00 p.m.'),(1786,114,10,'2006-02-27','Day 5: 4:00 p.m.-5:00 p.m.'),(1787,114,11,'2006-03-06','Day 5: 5:00 p.m.-6:00 p.m.'),(1788,114,12,'2006-03-06','Day 5: 6:00 p.m.-7:00 p.m.'),(1789,114,13,'2006-03-13','Day 5: 7:00 p.m.-8:00 p.m.'),(1790,114,14,'2006-03-20','Day 5: 8:00 p.m.-9:00 p.m.'),(1791,114,15,'2006-03-27','Day 5: 9:00 p.m.-10:00 p.m.'),(1792,114,16,'2006-04-03','Day 5: 10:00 p.m.-11:00 p.m.'),(1793,114,17,'2006-04-10','Day 5: 11:00 p.m.-12:00 a.m.'),(1794,114,18,'2006-04-17','Day 5: 12:00 a.m.-1:00 a.m.'),(1795,114,19,'2006-04-24','Day 5: 1:00 a.m.-2:00 a.m.'),(1796,114,20,'2006-05-01','Day 5: 2:00 a.m.-3:00 a.m.'),(1797,114,21,'2006-05-08','Day 5: 3:00 a.m.-4:00 a.m.'),(1798,114,22,'2006-05-15','Day 5: 4:00 a.m.-5:00 a.m.'),(1799,114,23,'2006-05-22','Day 5: 5:00 a.m.-6:00 a.m.'),(1800,114,24,'2006-05-22','Day 5: 6:00 a.m.-7:00 a.m.'),(1801,115,0,'2006-12-05','Season 6 Prequel'),(1802,115,1,'2007-01-14','Day 6: 6:00 a.m.-7:00 a.m.'),(1803,115,2,'2007-01-14','Day 6: 7:00 a.m.-8:00 a.m.'),(1804,115,3,'2007-01-15','Day 6: 8:00 a.m.-9:00 a.m.'),(1805,115,4,'2007-01-15','Day 6: 9:00 a.m.-10:00 a.m.'),(1806,115,5,'2007-01-22','Day 6: 10:00 a.m.-11:00 a.m.'),(1807,115,6,'2007-01-29','Day 6: 11:00 a.m.-12:00 p.m.'),(1808,115,7,'2007-02-05','Day 6: 12:00 p.m.-1:00 p.m.'),(1809,115,8,'2007-02-12','Day 6: 1:00 p.m.-2:00 p.m.'),(1810,115,9,'2007-02-12','Day 6: 2:00 p.m.-3:00 p.m.'),(1811,115,10,'2007-02-19','Day 6: 3:00 p.m.-4:00 p.m.'),(1812,115,11,'2007-02-26','Day 6: 4:00 p.m.-5:00 p.m.'),(1813,115,12,'2007-03-05','Day 6: 5:00 p.m.-6:00 p.m.'),(1814,115,13,'2007-03-12','Day 6: 6:00 p.m.-7:00 p.m.'),(1815,115,14,'2007-03-19','Day 6: 7:00 p.m.-8:00 p.m.'),(1816,115,15,'2007-03-26','Day 6: 8:00 p.m.-9:00 p.m.'),(1817,115,16,'2007-04-02','Day 6: 9:00 p.m.-10:00 p.m.'),(1818,115,17,'2007-04-09','Day 6: 10:00 p.m.-11:00 p.m.'),(1819,115,18,'2007-04-16','Day 6: 11:00 p.m.-12:00 a.m.'),(1820,115,19,'2007-04-23','Day 6: 12:00 a.m.-1:00 a.m.'),(1821,115,20,'2007-04-30','Day 6: 1:00 a.m.-2:00 a.m.'),(1822,115,21,'2007-05-07','Day 6: 2:00 a.m.-3:00 a.m.'),(1823,115,22,'2007-05-14','Day 6: 3:00 a.m.-4:00 a.m.'),(1824,115,23,'2007-05-21','Day 6: 4:00 a.m.-5:00 a.m.'),(1825,115,24,'2007-05-21','Day 6: 5:00 a.m.-6:00 a.m.'),(1826,116,1,'2009-01-11','Day 7: 8:00 a.m.-9:00 a.m.'),(1827,116,2,'2009-01-11','Day 7: 9:00 a.m.-10:00 a.m.'),(1828,116,3,'2009-01-12','Day 7: 10:00 a.m.-11:00 a.m.'),(1829,116,4,'2009-01-12','Day 7: 11:00 a.m.-12:00 p.m.'),(1830,116,5,'2009-01-19','Day 7: 12:00 p.m.-1:00 p.m.'),(1831,116,6,'2009-01-26','Day 7: 1:00 p.m.-2:00 p.m.'),(1832,116,7,'2009-02-02','Day 7: 2:00 p.m.-3:00 p.m.'),(1833,116,8,'2009-02-09','Day 7: 3:00 p.m.-4:00 p.m.'),(1834,116,9,'2009-02-16','Day 7: 4:00 p.m.-5:00 p.m.'),(1835,116,10,'2009-02-23','Day 7: 5:00 p.m.-6:00 p.m.'),(1836,116,11,'2009-03-02','Day 7: 6:00 p.m.-7:00 p.m.'),(1837,116,12,'2009-03-02','Day 7: 7:00 p.m.-8:00 p.m.'),(1838,116,13,'2009-03-09','Day 7: 8:00 p.m.-9:00 p.m.'),(1839,116,14,'2009-03-16','Day 7: 9:00 p.m.-10:00 p.m.'),(1840,116,15,'2009-03-23','Day 7: 10:00 p.m.-11:00 p.m.'),(1841,116,16,'2009-03-30','Day 7: 11:00 p.m.-12:00 a.m.'),(1842,116,17,'2009-04-06','Day 7: 12:00 a.m.-1:00 a.m.'),(1843,116,18,'2009-04-13','Day 7: 1:00 a.m.-2:00 a.m.'),(1844,116,19,'2009-04-20','Day 7: 2:00 a.m.-3:00 a.m.'),(1845,116,20,'2009-04-27','Day 7: 3:00 a.m.-4:00 a.m.'),(1846,116,21,'2009-05-04','Day 7: 4:00 a.m.-5:00 a.m.'),(1847,116,22,'2009-05-11','Day 7: 5:00 a.m.-6:00 a.m.'),(1848,116,23,'2009-05-18','Day 7: 6:00 a.m.-7:00 a.m.'),(1849,116,24,'2009-05-18','Day 7: 7:00 a.m.-8:00 a.m.'),(1850,117,1,'2010-01-17','Day 8: 4:00 p.m.-5:00 p.m.'),(1851,117,2,'2010-01-17','Day 8: 5:00 p.m.-6:00 p.m.'),(1852,117,3,'2010-01-18','Day 8: 6:00 p.m.-7:00 p.m.'),(1853,117,4,'2010-01-18','Day 8: 7:00 p.m.-8:00 p.m.'),(1854,117,5,'2010-01-25','Day 8: 8:00 p.m.-9:00 p.m.'),(1855,117,6,'2010-02-01','Day 8: 9:00 p.m.-10:00 p.m.'),(1856,117,7,'2010-02-08','Day 8: 10:00 p.m.-11:00 p.m.'),(1857,117,8,'2010-02-15','Day 8: 11:00 p.m.-12:00 a.m.'),(1858,117,9,'2010-02-22','Day 8: 12:00 a.m.-1:00 a.m.'),(1859,117,10,'2010-03-01','Day 8: 1:00 a.m.-2:00 a.m.'),(1860,117,11,'2010-03-08','Day 8: 2:00 a.m.-3:00 a.m.'),(1861,117,12,'2010-03-15','Day 8: 3:00 a.m.-4:00 a.m.'),(1862,117,13,'2010-03-22','Day 8: 4:00 a.m.-5:00 a.m.'),(1863,117,14,'2010-03-29','Day 8: 5:00 a.m.-6:00 a.m.'),(1864,117,15,'2010-04-05','Day 8: 6:00 a.m.-7:00 a.m.'),(1865,117,16,'2010-04-05','Day 8: 7:00 a.m.-8:00 a.m.'),(1866,117,17,'2010-04-12','Day 8: 8:00 a.m.-9:00 a.m.'),(1867,117,18,'2010-04-19','Day 8: 9:00 a.m.-10:00 a.m.'),(1868,117,19,'2010-04-26','Day 8: 10:00 a.m.-11:00 a.m.'),(1869,117,20,'2010-05-03','Day 8: 11:00 a.m.-12:00 p.m.'),(1870,117,21,'2010-05-10','Day 8: 12:00 p.m.-1:00 p.m.'),(1871,117,22,'2010-05-17','Day 8: 1:00 p.m.-2:00 p.m.'),(1872,117,23,'2010-05-24','Day 8: 2:00 p.m.-3:00 p.m.'),(1873,117,24,'2010-05-24','Day 8: 3:00 p.m.-4:00 p.m.'),(1874,118,1,'2014-01-12','The Long Bright Dark'),(1875,118,2,'2014-01-19','Seeing Things'),(1876,118,3,'2014-01-26','The Locked Room'),(1877,118,4,'2014-02-09','Who Goes There'),(1878,118,5,'2014-02-16','The Secret Fate of All Life'),(1879,118,6,'2014-02-23','Haunted Houses'),(1880,118,7,'2014-03-02','After You\'ve Gone'),(1881,118,8,'2014-03-09','Form and Void'),(1882,119,1,'2015-06-21','The Western Book of the Dead'),(1883,119,2,'2015-06-28','Night Finds You'),(1884,119,3,'2015-07-05','Maybe Tomorrow'),(1885,119,4,'2015-07-12','Down Will Come'),(1886,119,5,'2015-07-19','Other Lives'),(1887,119,6,'2015-07-26','Church in Ruins'),(1888,119,7,'2015-08-02','Black Maps and Motel Rooms'),(1889,119,8,'2015-08-09','Omega Station'),(1890,120,2,'1999-07-17','BubbleStand/Ripped Pants'),(1891,120,3,'1999-07-31','Jellyfishing/Plankton!'),(1892,120,4,'1999-08-07','Naughty Nautical Neighbors/Boating School'),(1893,120,5,'1999-08-14','Pizza Delivery/Home Sweet Pineapple'),(1894,120,7,'1999-08-28','Hall Monitor/Jellyfish Jam'),(1895,120,8,'1999-09-04','Sandy\'s Rocket/Squeaky Boots'),(1896,120,9,'1999-09-11','Nature Pants/Opposite Day'),(1897,120,10,'1999-09-18','Culture Shock/F.U.N.'),(1898,120,11,'1999-09-25','MuscleBob BuffPants/Squidward the Unfriendly Ghost'),(1899,120,12,'1999-10-02','The Chaperone/Employee of the Month'),(1900,120,14,'1999-12-31','SB-129/Karate Choppers'),(1901,120,15,'2000-01-17','Sleepy Time/Suds'),(1902,120,17,'2000-03-15','Arrgh!/Rock Bottom'),(1903,121,4,'2000-12-28','Dying for Pie/Imitation Krabs'),(1904,121,5,'2001-02-17','Wormy/Patty Hype'),(1905,121,8,'2000-12-06','Christmas Who?'),(1906,121,14,'2002-01-21','Welcome to the Chum Bucket/Frankendoodle'),(1907,122,3,'2001-10-05','Just One Bite/The Bully'),(1908,122,10,'2002-05-10','Wet Painters/Krusty Krab Training Video'),(1909,122,11,'2002-05-17','SpongeBob\'s House Party'),(1910,122,14,'2004-03-05','SpongeBob B.C. (Before Comedy) (Ugh)'),(1911,122,15,'2003-01-24','The Great Snail Race/Mid-Life Crustacean'),(1912,123,1,'2005-05-06','Fear of a Krabby Patty/Shell of a Man'),(1913,123,2,'2005-05-13','The Lost Mattress/Krabs vs. Plankton'),(1914,123,3,'2005-11-11','Have You Seen This Snail?'),(1915,123,4,'2005-05-20','Skill Crane/Good Neighbors'),(1916,123,6,'2006-02-20','Dunces and Dragons'),(1917,123,7,'2005-10-07','Enemy In-Law/Mermaidman and Barnacleboy VI: The Motion Picture'),(1918,123,8,'2005-10-21','Patrick SmartPants/SquidBob TentaclePants'),(1919,123,9,'2006-04-01','Krusty Towers/Mrs. Puff, You\'re Fired'),(1920,123,11,'2006-05-12','Whale of a Birthday/Karate Island'),(1921,123,12,'2006-06-02','All That Glitters/Wishing You Well'),(1922,123,13,'2006-09-22','New Leaf/Once Bitten'),(1923,123,14,'2006-10-13','Bummer Vacation/Wigstruck'),(1924,123,15,'2006-10-06','Squidtastic Voyage/That\'s No Lady'),(1925,123,16,'2007-01-15','The Thing/Hocus Pocus'),(1926,123,18,'2007-03-31','Born to Be Wild/Best Frenemies'),(1927,123,20,'2006-11-10','Best Day Ever/The Gift of Gum'),(1928,124,1,'2007-04-13','Friend or Foe'),(1929,124,2,'2007-07-30','The Original Fry Cook/Night Light'),(1930,124,3,'2007-02-19','Rise and Shine/Waiting/Fungus Among Us'),(1931,124,4,'2007-07-23','Spy Buddies/Boat Smarts/Good Ol\' Whatshisname'),(1932,124,7,'2007-07-26','To Love a Patty/Breath of Fresh Squidward'),(1933,124,8,'2007-07-31','Money Talks/SpongeBob vs. Patty Gadget/Slimy Dancing'),(1934,124,10,'2007-08-01','A Flea in Her Dome/The Donut of Shame/The Krusty Plate'),(1935,124,11,'2007-09-29','Goo Goo Gas/Le Big Switch'),(1936,124,12,'2007-11-12','Atlantis SquarePantis'),(1937,124,13,'2007-08-02','Picture Day/Pat No Pay/Blackjack'),(1938,124,15,'2007-11-23','The Inmates of Summer/To Save a Squirrel'),(1939,124,17,'2007-11-23','20,000 Patties Under the Sea/The Battle of Bikini Bottom'),(1940,124,18,'2008-10-13','Whatever Happened to SpongeBob? (WhoBob WhatPants)'),(1941,124,19,'2007-11-23','The Two Faces of Squidward/SpongeHenge'),(1942,124,20,'2007-11-23','Banned in Bikini Bottom/Stanley S. SquarePants'),(1943,125,2,'2008-03-07','Penny Foolish/Nautical Novice'),(1944,125,3,'2008-03-06','Spongicus/Suction Cup Symphony'),(1945,125,4,'2008-03-04','Not Normal/Gone'),(1946,125,5,'2008-06-02','The Splinter/Slide Whistle Stooges'),(1947,125,6,'2008-06-04','A Life in a Day/Sun Bleached'),(1948,125,8,'2008-08-05','The Patty Caper/Plankton\'s Regular'),(1949,125,10,'2008-11-28','The Slumber Party/Grooming Gary'),(1950,125,11,'2009-04-17','SpongeBob SquarePants vs. The Big One'),(1951,125,13,'2008-11-28','Krusty Krushers/The Card'),(1952,125,14,'2008-11-28','Dear Vikings/Ditchin'),(1953,125,16,'2009-07-17','Squid\'s Visit/To Squarepants or Not to Squarepants'),(1954,125,16,'2009-07-17','Squid\'s Visit/To Squarepants or Not to Squarepants'),(1955,125,18,'2009-03-18','Pets or Pests/Komputer Overload'),(1956,125,20,'2009-03-17','No Hat for Pat/Toy Store of Doom'),(1957,125,21,'2009-03-16','Sand Castles in the Sand/Shell Shocked'),(1958,125,22,'2009-06-03','Chum Bucket Supreme/Single Cell Anniversary'),(1959,125,23,'2009-11-06','Truth or Square'),(1960,125,26,'2010-07-05','The Clash of Triton'),(1961,126,2,'2009-07-19','Growth Spout/Stuck in the Wringer'),(1962,126,7,'2010-03-24','The Curse of Bikini Bottom/Squidward in Clarinetland'),(1963,126,8,'2010-04-22','SpongeBob\'s Last Stand'),(1964,126,10,'2010-03-22','A Day Without Tears/Summer Job'),(1965,126,11,'2010-02-06','One Coarse Meal/Gary in Love'),(1966,126,12,'2010-02-06','The Play\'s the Thing/Rodeo Daze'),(1967,126,13,'2010-07-06','Gramma\'s Secret Recipe/The Cent of Money'),(1968,126,15,'2011-06-11','The Curse of the Hex/The Main Drain'),(1969,126,16,'2011-01-28','Trenchbillies/Sponge-Cano!'),(1970,126,19,'2010-02-06','Buried in Time/Enchanted Tiki Dreams'),(1971,126,20,'2010-11-27','The Abrasive Side/Earworm'),(1972,126,21,'2010-08-09','Hide and Then What Happens?/Shellback Shenanigans'),(1973,126,23,'2011-02-12','You Don\'t Know Sponge/Tunnel of Glove'),(1974,126,24,'2010-10-09','Krusty Dogs/The Wreck of the Mauna Loa'),(1975,126,25,'2011-02-12','New Fish in Town/Love That Squid'),(1976,127,1,'2011-07-18','Accidents Will Happen/The Other Patty'),(1977,127,4,'2011-07-15','Frozen Face-Off'),(1978,127,10,'2011-01-15','New Fish in Town/Big Sister Sam'),(1979,127,14,'2011-02-12','Tunnel of Glove/Love That Squid'),(1980,127,16,'2011-03-26','Oral Report/A Friendly Game'),(1981,127,17,'2011-04-02','Sentimental Sponge'),(1982,127,23,'2011-09-30','House Sittin\' for Sandy/Smoothe Jazz at Bikini Bottom'),(1983,127,24,'2011-10-21','Ghoul Fools'),(1984,127,31,'2012-04-12','For Here or to Go?'),(1985,127,35,'2012-07-21','Face Freeze!/Demolition Doofus'),(1986,128,7,'2014-02-17','It Came from Goo Lagoon'),(1987,128,10,'2014-03-29','Kenny the Cat/Yeti Krabs'),(1988,128,12,'2015-07-16','Lost in Bikini Bottom/Tutor Sauce'),(1989,128,13,'2015-09-07','Squid Plus One/The Executive Treatment'),(1990,128,14,'2015-09-18','Company Picnic/Pull Up a Barrel'),(1991,128,15,'2015-10-02','Sanctuary!/What\'s Eating Patrick?'),(1992,128,15,'2015-10-02','Sanctuary!/What\'s Eating Patrick?'),(1993,128,16,'2015-11-11','Patrick! The Game/The Sewers of Bikini Bottom'),(1994,128,19,'2016-03-12','Mall Girl Pearl/Two Thumbs Down'),(1995,128,20,'2013-01-01','Squid Defense'),(1996,128,20,'2016-05-04','Sharks vs. Pods/CopyBob DittoPants'),(1997,128,21,'2016-05-06','Sold!/Lame and Fortune'),(1998,128,21,'2013-01-19','Plankton\'s Pet'),(1999,128,22,'2013-03-09','Evil Spatula'),(2000,128,23,'2016-07-12','Sandy\'s Nutmare/Bulletin Board'),(2001,128,23,'2016-05-02','The Fish Bowl/Married to Money'),(2002,128,24,'2013-05-25','Safe Deposit Krabs'),(2003,128,24,'2016-07-13','Snail Mail/Food Con Castaways'),(2004,128,25,'2016-06-14','Pineapple Invasion/Salsa Imbecilicus'),(2005,128,26,'2016-10-08','Mutiny on the Krusty/The Whole Tooth'),(2006,129,1,'2016-10-15','Whirly Brains/MermaidPants'),(2007,129,2,'2012-02-06','The Other Spongebob Is Back: Part 1'),(2008,129,4,'2012-03-04','The Bob Land/The Magic Gum'),(2009,129,5,'2012-03-30','The Battle Begins/Where Is Patrick Star?'),(2010,130,1,'2004-11-16','Pilot'),(2011,130,2,'2004-11-23','Paternity'),(2012,130,3,'2004-11-30','Occam\'s Razor'),(2013,130,4,'2004-12-07','Maternity'),(2014,130,5,'2004-12-14','Damned If You Do'),(2015,130,6,'2004-12-21','The Socratic Method'),(2016,130,7,'2004-12-28','Fidelity'),(2017,130,8,'2005-01-25','Poison'),(2018,130,9,'2005-02-01','DNR'),(2019,130,10,'2005-02-08','Histories'),(2020,130,11,'2005-02-15','Detox'),(2021,130,12,'2005-02-22','Sports Medicine'),(2022,130,13,'2005-03-01','Cursed'),(2023,130,14,'2005-03-15','Control'),(2024,130,15,'2005-03-22','Mob Rules'),(2025,130,16,'2005-03-29','Heavy'),(2026,130,17,'2005-04-12','Role Model'),(2027,130,18,'2005-04-19','Babies & Bathwater'),(2028,130,19,'2005-05-03','Kids'),(2029,130,20,'2005-05-10','Love Hurts'),(2030,130,21,'2005-05-17','Three Stories'),(2031,130,22,'2005-05-24','Honeymoon'),(2032,131,1,'2005-09-13','Acceptance'),(2033,131,2,'2005-09-20','Autopsy'),(2034,131,3,'2005-09-27','Humpty Dumpty'),(2035,131,4,'2005-11-01','TB or Not TB'),(2036,131,5,'2005-11-08','Daddy\'s Boy'),(2037,131,6,'2005-11-15','Spin'),(2038,131,7,'2005-11-22','Hunting'),(2039,131,8,'2005-11-29','The Mistake'),(2040,131,9,'2005-12-13','Deception'),(2041,131,10,'2006-01-10','Failure to Communicate'),(2042,131,11,'2006-02-07','Need to Know'),(2043,131,12,'2006-02-14','Distractions'),(2044,131,13,'2006-02-20','Skin Deep'),(2045,131,14,'2006-03-07','Sex Kills'),(2046,131,15,'2006-03-28','Clueless'),(2047,131,16,'2006-04-04','Safe'),(2048,131,17,'2006-04-11','All In'),(2049,131,18,'2006-04-18','Sleeping Dogs Lie'),(2050,131,19,'2006-04-25','House vs. God'),(2051,131,20,'2006-05-02','Euphoria: Part 1'),(2052,131,21,'2006-05-03','Euphoria: Part 2'),(2053,131,22,'2006-05-09','Forever'),(2054,131,23,'2006-05-16','Who\'s Your Daddy?'),(2055,131,24,'2006-05-23','No Reason'),(2056,132,1,'2006-09-05','Meaning'),(2057,132,2,'2006-09-12','Cane and Able'),(2058,132,3,'2006-09-19','Informed Consent'),(2059,132,4,'2006-09-26','Lines in the Sand'),(2060,132,5,'2006-10-31','Fools for Love'),(2061,132,6,'2006-11-07','Que Será Será'),(2062,132,7,'2006-11-14','Son of Coma Guy'),(2063,132,8,'2006-11-21','Whac-A-Mole'),(2064,132,9,'2006-11-28','Finding Judas'),(2065,132,10,'2006-12-12','Merry Little Christmas'),(2066,132,11,'2007-01-09','Words and Deeds'),(2067,132,12,'2007-01-30','One Day, One Room'),(2068,132,13,'2007-02-06','Needle in a Haystack'),(2069,132,14,'2007-02-13','Insensitive'),(2070,132,15,'2007-03-06','Half-Wit'),(2071,132,16,'2007-03-27','Top Secret'),(2072,132,17,'2007-04-03','Fetal Position'),(2073,132,18,'2007-04-10','Airborne'),(2074,132,19,'2007-04-17','Act Your Age'),(2075,132,20,'2007-04-24','House Training'),(2076,132,21,'2007-05-01','Family'),(2077,132,22,'2007-05-08','Resignation'),(2078,132,23,'2007-05-15','The Jerk'),(2079,132,24,'2007-05-29','Human Error'),(2080,133,1,'2007-09-25','Alone'),(2081,133,2,'2007-10-02','The Right Stuff'),(2082,133,3,'2007-10-09','97 Seconds'),(2083,133,4,'2007-10-23','Guardian Angels'),(2084,133,5,'2007-10-30','Mirror Mirror'),(2085,133,6,'2007-11-06','Whatever It Takes'),(2086,133,7,'2007-11-13','Ugly'),(2087,133,8,'2007-11-20','You Don\'t Want to Know'),(2088,133,9,'2007-11-27','Games'),(2089,133,10,'2008-01-29','It\'s a Wonderful Lie'),(2090,133,11,'2008-02-03','Frozen'),(2091,133,12,'2008-02-05','Don\'t Ever Change'),(2092,133,13,'2008-04-28','No More Mr. Nice Guy'),(2093,133,14,'2008-05-05','Living the Dream'),(2094,133,15,'2008-05-12','House\'s Head'),(2095,133,16,'2008-05-19','Wilson\'s Heart'),(2096,134,1,'2008-09-16','Dying Changes Everything'),(2097,134,2,'2008-09-23','Not Cancer'),(2098,134,3,'2008-09-30','Adverse Events'),(2099,134,4,'2008-10-14','Birthmarks'),(2100,134,5,'2008-10-21','Lucky Thirteen'),(2101,134,6,'2008-10-28','Joy'),(2102,134,7,'2008-11-11','The Itch'),(2103,134,8,'2008-11-18','Emancipation'),(2104,134,9,'2008-11-25','Last Resort'),(2105,134,10,'2008-12-02','Let Them Eat Cake'),(2106,134,11,'2008-12-09','Joy to the World'),(2107,134,12,'2009-01-19','Painless'),(2108,134,13,'2009-01-26','Big Baby'),(2109,134,14,'2009-02-02','The Greater Good'),(2110,134,16,'2009-02-23','The Softer Side'),(2111,134,17,'2009-03-09','The Social Contract'),(2112,134,18,'2009-03-16','Here Kitty'),(2113,134,19,'2009-03-30','Locked In'),(2114,134,20,'2009-04-06','Simple Explanation'),(2115,134,21,'2009-04-13','Saviors'),(2116,134,22,'2009-04-27','House Divided'),(2117,134,23,'2009-05-04','Under My Skin'),(2118,134,24,'2009-05-11','Both Sides Now'),(2119,135,1,'2009-09-21','Broken'),(2120,135,2,'2009-09-28','Epic Fail'),(2121,135,3,'2009-10-05','The Tyrant'),(2122,135,4,'2009-10-12','Instant Karma'),(2123,135,5,'2009-10-19','Brave Heart'),(2124,135,6,'2009-11-09','Known Unknowns'),(2125,135,7,'2009-11-16','Teamwork'),(2126,135,8,'2009-11-23','Ignorance Is Bliss'),(2127,135,9,'2009-11-30','Wilson'),(2128,135,10,'2010-01-11','The Down Low'),(2129,135,11,'2010-01-25','Remorse'),(2130,135,12,'2010-02-01','Moving the Chains'),(2131,135,13,'2010-02-08','5 to 9'),(2132,135,14,'2010-03-08','Private Lives'),(2133,135,15,'2010-03-15','Black Hole'),(2134,135,16,'2010-04-12','Lockdown'),(2135,135,17,'2010-04-19','Knight Fall'),(2136,135,18,'2010-04-26','Open and Shut'),(2137,135,19,'2010-05-03','The Choice'),(2138,135,20,'2010-05-10','Baggage'),(2139,135,21,'2010-05-17','Help Me'),(2140,136,1,'2010-09-20','Now What?'),(2141,136,2,'2010-09-27','Selfish'),(2142,136,3,'2010-10-04','Unwritten'),(2143,136,4,'2010-10-11','Massage Therapy'),(2144,136,5,'2010-10-18','Unplanned Parenthood'),(2145,136,6,'2010-11-08','Office Politics'),(2146,136,7,'2010-11-15','A Pox on Our House'),(2147,136,8,'2010-11-22','Small Sacrifices'),(2148,136,9,'2011-01-17','Larger Than Life'),(2149,136,10,'2011-01-24','Carrot or Stick'),(2150,136,11,'2011-02-07','Family Practice'),(2151,136,12,'2011-02-14','You Must Remember This'),(2152,136,13,'2011-02-21','Two Stories'),(2153,136,14,'2011-02-28','Recession Proof'),(2154,136,15,'2011-03-07','Bombshells'),(2155,136,16,'2011-03-14','Out of the Chute'),(2156,136,18,'2011-04-11','The Dig'),(2157,136,19,'2011-04-18','Last Temptation'),(2158,136,20,'2011-05-02','Changes'),(2159,136,21,'2011-05-09','The Fix'),(2160,136,22,'2011-05-16','After Hours'),(2161,136,23,'2011-05-23','Moving On'),(2162,137,1,'2011-10-03','Twenty Vicodin'),(2163,137,2,'2011-10-10','Transplant'),(2164,137,3,'2011-10-17','Charity Case'),(2165,137,4,'2011-10-31','Risky Business'),(2166,137,5,'2011-11-07','The Confession'),(2167,137,6,'2011-11-14','Parents'),(2168,137,7,'2011-11-21','Dead & Buried'),(2169,137,8,'2011-11-28','Perils of Paranoia'),(2170,137,9,'2012-01-23','Better Half'),(2171,137,10,'2012-01-30','Runaways'),(2172,137,11,'2012-02-06','Nobody\'s Fault'),(2173,137,12,'2012-02-13','Chase'),(2174,137,13,'2012-02-20','Man of the House'),(2175,137,14,'2012-03-19','Love is Blind'),(2176,137,15,'2012-04-02','Blowing the Whistle'),(2177,137,16,'2012-04-09','Gut Check'),(2178,137,17,'2012-04-16','We Need the Eggs'),(2179,137,18,'2012-04-23','Body and Soul'),(2180,137,19,'2012-04-30','The C Word'),(2181,137,20,'2012-05-07','Post Mortem'),(2182,137,21,'2012-05-14','Holding On'),(2183,137,22,'2012-05-21','Everybody Dies'),(2184,138,1,'2015-11-20','AKA Ladies Night'),(2185,138,2,'2015-11-20','AKA Crush Syndrome'),(2186,138,3,'2015-11-20','AKA It\'s Called Whiskey'),(2187,138,4,'2015-11-20','AKA 99 Friends'),(2188,138,5,'2015-11-20','AKA The Sandwich Saved Me'),(2189,138,6,'2015-11-20','AKA You\'re a Winner!'),(2190,138,7,'2015-11-20','AKA Top Shelf Perverts'),(2191,138,8,'2015-11-20','AKA WWJD?'),(2192,138,9,'2015-11-20','AKA Sin Bin'),(2193,138,10,'2015-11-20','AKA 1,000 Cuts'),(2194,138,11,'2015-11-20','AKA I\'ve Got the Blues'),(2195,138,12,'2015-11-20','AKA Take a Bloody Number'),(2196,138,13,'2015-11-20','AKA Smile'),(2197,139,1,NULL,'Episode #2.1'),(2198,140,1,'2015-04-10','Into the Ring'),(2199,140,2,'2015-04-10','Cut Man'),(2200,140,3,'2015-04-10','Rabbit in a Snowstorm'),(2201,140,4,'2015-04-10','In the Blood'),(2202,140,5,'2015-04-10','World on Fire'),(2203,140,6,'2015-04-10','Condemned'),(2204,140,7,'2015-04-10','Stick'),(2205,140,8,'2015-04-10','Shadows in the Glass'),(2206,140,9,'2015-04-10','Speak of the Devil'),(2207,140,10,'2015-04-10','Nelson v. Murdock'),(2208,140,11,'2015-04-10','The Path of the Righteous'),(2209,140,12,'2015-04-10','The Ones We Leave Behind'),(2210,140,13,'2015-04-10','Daredevil'),(2211,141,1,'2016-03-18','Bang'),(2212,141,2,'2016-03-18','Dogs to a Gunfight'),(2213,141,3,'2016-03-18','New York\'s Finest'),(2214,141,4,'2016-03-18','Penny and Dime'),(2215,141,5,'2016-03-18','Kinbaku'),(2216,141,6,'2016-03-18','Regrets Only'),(2217,141,7,'2016-03-18','Semper Fidelis'),(2218,141,8,'2016-03-18','Guilty as Sin'),(2219,141,9,'2016-03-18','Seven Minutes in Heaven'),(2220,141,10,'2016-03-18','The Man in the Box'),(2221,141,11,'2016-03-18','.380'),(2222,141,12,'2016-03-18','The Dark at the End of the Tunnel'),(2223,141,13,'2016-03-18','A Cold Day in Hell\'s Kitchen'),(2224,142,1,'2016-06-24','The Beach'),(2225,142,2,'2016-07-17','Subtle Beast'),(2226,142,3,'2016-07-24','A Dark Crate'),(2227,142,4,'2016-07-31','The Art of War'),(2228,142,5,'2016-08-07','The Season of the Witch'),(2229,142,6,'2016-08-14','Samson and Delilah'),(2230,142,7,'2016-08-21','Ordinary Death'),(2231,142,8,NULL,'Episode #1.8'),(2232,143,1,'2000-10-06','Pilot'),(2233,143,2,'2000-10-13','Cool Change'),(2234,143,3,'2000-10-20','Crate \'n\' Burial'),(2235,143,4,'2000-10-27','Pledging Mr. Johnson'),(2236,143,5,'2000-11-03','Friends & Lovers'),(2237,143,6,'2000-11-10','Who Are You?'),(2238,143,7,'2000-11-17','Blood Drops'),(2239,143,8,'2000-11-24','Anonymous'),(2240,143,9,'2000-12-08','Unfriendly Skies'),(2241,143,10,'2000-12-22','Sex, Lies and Larvae'),(2242,143,11,'2001-01-12','I-15 Murders'),(2243,143,12,'2001-02-01','Fahrenheit 932'),(2244,143,13,'2001-02-08','Boom'),(2245,143,14,'2001-02-15','To Halve and to Hold'),(2246,143,15,'2001-02-22','Table Stakes'),(2247,143,16,'2001-03-01','Too Tough to Die'),(2248,143,17,'2001-03-08','Face Lift'),(2249,143,18,'2001-03-29','$35K O.B.O.'),(2250,143,19,'2001-04-12','Gentle, Gentle'),(2251,143,20,'2001-04-19','Sounds of Silence'),(2252,143,21,'2001-04-26','Justice Is Served'),(2253,143,22,'2001-05-10','Evaluation Day'),(2254,143,23,'2001-05-17','The Strip Strangler'),(2255,144,1,'2001-09-27','Burked'),(2256,144,2,'2001-10-04','Chaos Theory'),(2257,144,3,'2001-10-11','Overload'),(2258,144,4,'2001-10-18','Bully for You'),(2259,144,5,'2001-10-25','Scuba Doobie-Doo'),(2260,144,6,'2001-11-01','Alter Boys'),(2261,144,7,'2001-11-08','Caged'),(2262,144,8,'2001-11-15','Slaves of Las Vegas'),(2263,144,9,'2001-11-22','And Then There Were None'),(2264,144,10,'2001-12-06','Ellie'),(2265,144,11,'2001-12-13','Organ Grinder'),(2266,144,12,'2001-12-20','You\'ve Got Male'),(2267,144,13,'2002-01-17','Identity Crisis'),(2268,144,14,'2002-01-31','The Finger'),(2269,144,15,'2002-02-07','Burden of Proof'),(2270,144,16,'2002-02-28','Primum Non Nocere'),(2271,144,17,'2002-03-07','Felonious Monk'),(2272,144,18,'2002-03-28','Chasing the Bus'),(2273,144,19,'2002-04-04','Stalker'),(2274,144,20,'2002-04-25','Cats in the Cradle...'),(2275,144,21,'2002-05-02','Anatomy of a Lye'),(2276,144,22,'2002-05-09','Cross-Jurisdictions'),(2277,144,23,'2002-05-16','The Hunger Artist'),(2278,145,1,'2002-09-26','Revenge Is Best Served Cold'),(2279,145,2,'2002-10-03','The Accused Is Entitled'),(2280,145,3,'2002-10-10','Let the Seller Beware'),(2281,145,4,'2002-10-17','A Little Murder'),(2282,145,5,'2002-10-31','Abra Cadaver'),(2283,145,6,'2002-11-07','The Execution of Catherine Willows'),(2284,145,7,'2002-11-14','Fight Night'),(2285,145,8,'2002-11-21','Snuff'),(2286,145,9,'2002-12-05','Blood Lust'),(2287,145,10,'2002-12-12','High and Low'),(2288,145,11,'2003-01-09','Recipe for Murder'),(2289,145,12,'2003-01-16','Got Murder?'),(2290,145,13,'2003-01-30','Random Acts of Violence'),(2291,145,14,'2003-02-06','One Hit Wonder'),(2292,145,15,'2003-02-13','Lady Heather\'s Box'),(2293,145,16,'2003-02-20','Lucky Strike'),(2294,145,17,'2003-03-13','Crash and Burn'),(2295,145,18,'2003-04-03','Precious Metal'),(2296,145,19,'2003-04-10','A Night at the Movies'),(2297,145,20,'2003-04-24','Last Laugh'),(2298,145,21,'2003-05-01','Forever'),(2299,145,22,'2003-05-08','Play with Fire'),(2300,145,23,'2003-05-15','Inside the Box'),(2301,146,1,'2003-09-25','Assume Nothing'),(2302,146,2,'2003-10-02','All for Our Country'),(2303,146,3,'2003-10-09','Homebodies'),(2304,146,4,'2003-10-23','Feeling the Heat'),(2305,146,5,'2003-10-30','Fur and Loathing'),(2306,146,6,'2003-11-06','Jackpot'),(2307,146,7,'2003-11-13','Invisible Evidence'),(2308,146,8,'2003-11-20','After the Show'),(2309,146,9,'2003-12-11','Grissom Versus the Volcano'),(2310,146,10,'2003-12-18','Coming of Rage'),(2311,146,11,'2004-01-08','Eleven Angry Jurors'),(2312,146,12,'2004-01-15','Butterflied'),(2313,146,13,'2004-02-05','Suckers'),(2314,146,14,'2004-02-12','Paper or Plastic?'),(2315,146,15,'2004-02-19','Early Rollout'),(2316,146,16,'2004-02-26','Getting Off'),(2317,146,17,'2004-03-04','XX'),(2318,146,18,'2004-04-01','Bad to the Bone'),(2319,146,19,'2004-04-15','Bad Words'),(2320,146,20,'2004-04-29','Dead Ringer'),(2321,146,21,'2004-05-06','Turn of the Screws'),(2322,146,22,'2004-05-13','No More Bets'),(2323,146,23,'2004-05-20','Bloodlines'),(2324,147,1,'2004-09-23','Viva Las Vegas'),(2325,147,2,'2004-10-07','Down the Drain'),(2326,147,3,'2004-10-14','Harvest'),(2327,147,4,'2004-10-21','Crow\'s Feet'),(2328,147,5,'2004-10-28','Swap Meet'),(2329,147,6,'2004-11-04','What\'s Eating Gilbert Grissom?'),(2330,147,7,'2004-11-11','Formalities'),(2331,147,8,'2004-11-18','Ch-Ch-Changes'),(2332,147,9,'2004-11-25','Mea Culpa'),(2333,147,10,'2004-12-09','No Humans Involved'),(2334,147,11,'2005-01-06','Who Shot Sherlock'),(2335,147,12,'2005-01-13','Snakes'),(2336,147,13,'2005-02-03','Nesting Dolls'),(2337,147,14,'2005-02-10','Unbearable'),(2338,147,15,'2005-02-17','King Baby'),(2339,147,16,'2005-02-24','Big Middle'),(2340,147,17,'2005-03-10','Compulsion'),(2341,147,18,'2005-03-31','Spark of Life'),(2342,147,19,'2005-04-14','4x4'),(2343,147,20,'2005-04-21','Hollywood Brass'),(2344,147,21,'2005-04-28','Committed'),(2345,147,22,'2005-05-05','Weeping Willows'),(2346,147,23,'2005-05-12','Iced'),(2347,147,24,'2005-05-19','Grave Danger: Part 1'),(2348,147,25,'2005-05-19','Grave Danger: Part 2'),(2349,148,1,'2005-09-22','Bodies in Motion'),(2350,148,2,'2005-09-29','Room Service'),(2351,148,3,'2005-10-06','Bite Me'),(2352,148,4,'2005-10-13','Shooting Stars'),(2353,148,5,'2005-10-20','Gum Drops'),(2354,148,6,'2005-11-03','Secrets & Flies'),(2355,148,7,'2005-11-10','A Bullet Runs Through It: Part 1'),(2356,148,8,'2005-11-17','A Bullet Runs Through It: Part 2'),(2357,148,9,'2005-11-24','Dog Eat Dog'),(2358,148,10,'2005-12-08','Still Life'),(2359,148,11,'2006-01-05','Werewolves'),(2360,148,12,'2006-01-19','Daddy\'s Little Girl'),(2361,148,13,'2006-01-26','Kiss Kiss, Bye Bye'),(2362,148,14,'2006-02-02','Killer'),(2363,148,15,'2006-02-09','Pirates of the Third Reich'),(2364,148,16,'2006-03-02','Up in Smoke'),(2365,148,17,'2006-03-09','I Like to Watch'),(2366,148,18,'2006-03-30','The Unusual Suspect'),(2367,148,19,'2006-04-06','Spellbound'),(2368,148,20,'2006-04-13','Poppin\' Tags'),(2369,148,21,'2006-04-27','Rashomama'),(2370,148,22,'2006-05-04','Time of Your Death'),(2371,148,23,'2006-05-11','Bang-Bang'),(2372,148,24,'2006-05-18','Way to Go'),(2373,149,1,'2006-09-21','Built to Kill: Part 1'),(2374,149,2,'2006-09-28','Built to Kill: Part 2'),(2375,149,3,'2006-10-05','Toe Tags'),(2376,149,4,'2006-10-12','Fannysmackin\''),(2377,149,5,'2006-10-19','Double Cross'),(2378,149,6,'2006-11-02','Burn Out'),(2379,149,7,'2006-11-09','Post Mortem'),(2380,149,8,'2006-11-16','Happenstance'),(2381,149,9,'2006-11-23','Living Legend'),(2382,149,10,'2006-12-07','Loco Motives'),(2383,149,11,'2007-01-04','Leaving Las Vegas'),(2384,149,12,'2007-01-18','Sweet Jane'),(2385,149,13,'2007-01-25','Redrum'),(2386,149,14,'2007-02-01','Meet Market'),(2387,149,15,'2007-02-08','Law of Gravity'),(2388,149,16,'2007-02-15','Monster in the Box'),(2389,149,17,'2007-02-22','Fallen Idols'),(2390,149,18,'2007-03-29','Empty Eyes'),(2391,149,19,'2007-04-05','Big Shots'),(2392,149,20,'2007-04-12','Lab Rats'),(2393,149,21,'2007-04-26','Ending Happy'),(2394,149,22,'2007-05-03','Leapin\' Lizards'),(2395,149,23,'2007-05-10','The Good, the Bad and the Dominatrix'),(2396,149,24,'2007-05-17','Living Doll'),(2397,150,1,'2007-09-27','Dead Doll'),(2398,150,2,'2007-10-04','A La Cart'),(2399,150,3,'2007-10-11','Go to Hell'),(2400,150,4,'2007-10-18','The Case of the Cross-Dressing Carp'),(2401,150,5,'2007-11-01','The Chick Chop Flick Shop'),(2402,150,6,'2007-11-08','Who and What'),(2403,150,7,'2007-11-15','Goodbye and Good Luck'),(2404,150,8,'2007-11-22','You Kill Me'),(2405,150,9,'2007-12-06','Cockroaches'),(2406,150,10,'2007-12-13','Lying Down with Dogs'),(2407,150,11,'2008-01-10','Bull'),(2408,150,12,'2008-04-03','Grissom\'s Divine Comedy'),(2409,150,13,'2008-04-10','A Thousand Days on Earth'),(2410,150,14,'2008-04-24','Drops\' Out'),(2411,150,15,'2008-05-01','The Theory of Everything'),(2412,150,16,'2008-05-08','Two and a Half Deaths'),(2413,150,17,'2008-05-15','For Gedda'),(2414,151,1,'2008-10-09','For Warrick'),(2415,151,2,'2008-10-16','The Happy Place'),(2416,151,3,'2008-10-23','Art Imitates Life'),(2417,151,4,'2008-10-30','Let It Bleed'),(2418,151,5,'2008-11-06','Leave Out All the Rest'),(2419,151,6,'2008-11-13','Say Uncle'),(2420,151,7,'2008-11-20','Woulda, Coulda, Shoulda'),(2421,151,8,'2008-12-04','Young Man with a Horn'),(2422,151,9,'2008-12-11','19 Down'),(2423,151,10,'2009-01-15','One to Go'),(2424,151,11,'2009-01-22','The Grave Shift'),(2425,151,12,'2009-01-29','Disarmed and Dangerous'),(2426,151,13,'2009-02-12','Deep Fried and Minty Fresh'),(2427,151,14,'2009-02-19','Miscarriage of Justice'),(2428,151,15,'2009-02-26','Kill Me if You Can'),(2429,151,16,'2009-03-05','Turn, Turn, Turn'),(2430,151,17,'2009-03-12','No Way Out'),(2431,151,18,'2009-04-02','Mascara'),(2432,151,19,'2009-04-09','The Descent of Man'),(2433,151,20,'2009-04-16','A Space Oddity'),(2434,151,21,'2009-04-23','If I Had a Hammer...'),(2435,151,22,'2009-04-30','The Gone Dead Train'),(2436,151,23,'2009-05-07','Hog Heaven'),(2437,151,24,'2009-05-14','All In'),(2438,152,1,'2009-09-24','Family Affair'),(2439,152,2,'2009-10-01','Ghost Town'),(2440,152,3,'2009-10-08','Working Stiffs'),(2441,152,4,'2009-10-15','Coup de Grace'),(2442,152,5,'2009-10-29','Bloodsport'),(2443,152,6,'2009-11-05','Death and the Maiden'),(2444,152,7,'2009-11-12','The Lost Girls'),(2445,152,8,'2009-11-19','Lover\'s Lanes'),(2446,152,9,'2009-12-10','Appendicitement'),(2447,152,10,'2009-12-17','Better Off Dead'),(2448,152,11,'2010-01-14','Sin City Blue'),(2449,152,12,'2010-01-21','Long Ball'),(2450,152,13,'2010-02-04','Internal Combustion'),(2451,152,14,'2010-03-04','Unshockable'),(2452,152,15,'2010-03-11','Neverland'),(2453,152,16,'2010-04-01','The Panty Sniffer'),(2454,152,17,'2010-04-08','Irradiator'),(2455,152,18,'2010-04-15','Field Mice'),(2456,152,19,'2010-04-22','World\'s End'),(2457,152,20,'2010-04-29','Take My Life, Please'),(2458,152,21,'2010-05-06','Lost & Found'),(2459,152,22,'2010-05-13','Doctor Who'),(2460,152,23,'2010-05-20','Meat Jekyll'),(2461,153,1,'2010-09-23','Shock Waves'),(2462,153,2,'2010-09-30','Pool Shark'),(2463,153,3,'2010-10-07','Blood Moon'),(2464,153,4,'2010-10-14','Sqweegel'),(2465,153,5,'2010-10-21','House of Hoarders'),(2466,153,6,'2010-10-28','Cold Blooded'),(2467,153,7,'2010-11-04','Bump and Grind'),(2468,153,8,'2010-11-11','Fracked'),(2469,153,9,'2010-11-18','Wild Life'),(2470,153,10,'2010-12-09','418/427'),(2471,153,11,'2011-01-06','Man Up'),(2472,153,12,'2011-01-20','A Kiss Before Frying'),(2473,153,13,'2011-02-03','The Two Mrs. Grissoms'),(2474,153,14,'2011-02-10','All That Cremains'),(2475,153,15,'2011-02-17','Targets of Obsession'),(2476,153,15,'2011-02-17','Targets of Obsession'),(2477,153,16,'2011-02-24','Turn On, Tune In, Drop Dead'),(2478,153,17,'2011-03-10','The List'),(2479,153,18,'2011-03-31','Hitting for the Cycle'),(2480,153,19,'2011-04-07','Unleashed'),(2481,153,20,'2011-04-28','Father of the Bride'),(2482,153,21,'2011-05-05','Cello and Goodbye'),(2483,153,22,'2011-05-12','In a Dark, Dark House'),(2484,154,1,'2011-09-21','73 Seconds'),(2485,154,2,'2011-09-28','Tell-Tale Hearts'),(2486,154,3,'2011-10-05','Bittersweet'),(2487,154,4,'2011-10-12','Maid Man'),(2488,154,5,'2011-10-19','CSI Down'),(2489,154,6,'2011-11-02','Freaks & Geeks'),(2490,154,7,'2011-11-09','Brain Doe'),(2491,154,8,'2011-11-16','Crime After Crime'),(2492,154,9,'2011-12-07','Zippered'),(2493,154,10,'2011-12-14','Genetic Disorder'),(2494,154,11,'2012-01-18','Ms. Willows Regrets'),(2495,154,12,'2012-01-25','Willows in the Wind'),(2496,154,13,'2012-02-08','Tressed to Kill'),(2497,154,14,'2012-02-15','Seeing Red'),(2498,154,15,'2012-02-22','Stealing Home'),(2499,154,16,'2012-02-29','CSI Unplugged'),(2500,154,17,'2012-03-14','Trends with Benefits'),(2501,154,18,'2012-03-21','Malice in Wonderland'),(2502,154,19,'2012-04-04','Split Decisions'),(2503,154,20,'2012-04-11','Altered Stakes'),(2504,154,21,'2012-05-02','Dune and Gloom'),(2505,154,22,'2012-05-09','Homecoming'),(2506,155,1,'2012-09-26','Karma to Burn'),(2507,155,2,'2012-10-10','Code Blue Plate Special'),(2508,155,3,'2012-10-17','Wild Flowers'),(2509,155,4,'2012-10-24','It Was a Very Good Year'),(2510,155,5,'2012-10-31','Play Dead'),(2511,155,6,'2012-11-07','Pick and Roll'),(2512,155,7,'2012-11-14','Fallen Angels'),(2513,155,8,'2012-11-21','CSI on Fire'),(2514,155,9,'2012-11-28','Strip Maul'),(2515,155,10,'2012-12-12','Risky Business Class'),(2516,155,11,'2013-01-16','Dead Air'),(2517,155,12,'2013-01-23','Double Fault'),(2518,155,13,'2013-02-06','In Vino Veritas'),(2519,155,14,'2013-02-13','Exile'),(2520,155,15,'2013-02-20','Forget Me Not'),(2521,155,16,'2013-02-27','Last Woman Standing'),(2522,155,17,'2013-03-20','Dead of the Class'),(2523,155,18,'2013-04-03','Sheltered'),(2524,155,19,'2013-04-10','Backfire'),(2525,155,20,'2013-05-01','Fearless'),(2526,155,21,'2013-05-08','Ghosts of the Past'),(2527,155,22,'2013-05-15','Skin in the Game'),(2528,156,1,'2013-09-25','The Devil and D.B. Russell'),(2529,156,2,'2013-10-02','Take the Money and Run'),(2530,156,3,'2013-10-09','Torch Song'),(2531,156,4,'2013-10-16','Last Supper'),(2532,156,5,'2013-10-23','Frame by Frame'),(2533,156,6,'2013-10-30','Passed Pawns'),(2534,156,7,'2013-11-06','Under a Cloud'),(2535,156,8,'2013-11-13','Helpless'),(2536,156,9,'2013-11-20','Check in and Check Out'),(2537,156,10,'2013-11-27','Girls Gone Wild'),(2538,156,11,'2013-12-11','The Lost Reindeer'),(2539,156,12,'2014-01-15','Keep Calm and Carry-On'),(2540,156,13,'2014-01-22','Boston Brakes'),(2541,156,14,'2014-02-05','De Los Muertos'),(2542,156,15,'2014-02-19','Love for Sale'),(2543,156,16,'2014-03-05','Killer Moves'),(2544,156,17,'2014-03-12','Long Road Home'),(2545,156,18,'2014-03-19','Uninvited'),(2546,156,19,'2014-04-02','The Fallen'),(2547,156,20,'2014-04-09','Consumed'),(2548,156,21,'2014-04-30','Kitty'),(2549,156,22,'2014-05-07','Dead in His Tracks'),(2550,157,1,'2014-09-28','The CSI Effect'),(2551,157,2,'2014-10-05','Buzz Kill'),(2552,157,3,'2014-10-12','Bad Blood'),(2553,157,4,'2014-10-19','The Book of Shadows'),(2554,157,5,'2014-11-09','Girls Gone Wilder'),(2555,157,6,'2014-11-16','The Twin Paradox'),(2556,157,7,'2014-11-23','Road to Recovery'),(2557,157,8,'2014-11-30','Rubbery Homicide'),(2558,157,9,'2014-12-07','Let\'s Make a Deal'),(2559,157,10,'2014-12-14','Dead Rails'),(2560,157,11,'2014-12-21','Angle of Attack'),(2561,157,12,'2014-12-28','Dead Woods'),(2562,157,13,'2015-01-04','The Greater Good'),(2563,157,14,'2015-01-25','Merchants of Menace'),(2564,157,15,'2015-01-25','Hero to Zero'),(2565,157,16,'2015-01-27','The Last Ride'),(2566,157,17,'2015-02-15','Under My Skin'),(2567,157,18,'2015-02-15','The End Game'),(2568,157,19,'2015-09-27','Episode #15.19'),(2569,158,2,'2015-09-27','CSI: Immortality (2015)'),(2570,159,1,'2004-09-22','Blink'),(2571,159,2,'2004-09-29','Creatures of the Night'),(2572,159,3,'2004-10-06','American Dreamers'),(2573,159,4,'2004-10-27','Grand Master'),(2574,159,5,'2004-11-03','A Man a Mile'),(2575,159,6,'2004-11-10','Outside Man'),(2576,159,7,'2004-11-17','Rain'),(2577,159,8,'2004-11-24','Three Generations Are Enough'),(2578,159,9,'2004-12-01','Officer Blue'),(2579,159,10,'2004-12-15','Night, Mother'),(2580,159,11,'2005-01-05','Tri-Borough'),(2581,159,12,'2005-01-12','Recycling'),(2582,159,13,'2005-01-26','Tanglewood'),(2583,159,14,'2005-02-09','Blood, Sweat and Tears'),(2584,159,15,'2005-02-16','Til Death Do We Part'),(2585,159,16,'2005-02-23','Hush'),(2586,159,17,'2005-03-02','The Fall'),(2587,159,18,'2005-03-23','The Dove Commission'),(2588,159,19,'2005-04-13','Crime and Misdemeanor'),(2589,159,20,'2005-04-27','Supply & Demand'),(2590,159,21,'2005-05-04','On the Job'),(2591,159,22,'2005-05-11','The Closer'),(2592,159,23,'2005-05-18','What You See Is What You See'),(2593,160,1,'2005-09-28','Summer in the City'),(2594,160,2,'2005-10-05','Grand Murder at Central Station'),(2595,160,3,'2005-10-12','Zoo York'),(2596,160,4,'2005-10-19','Corporate Warriors'),(2597,160,5,'2005-10-26','Dancing with the Fishes'),(2598,160,6,'2005-11-02','YoungBlood'),(2599,160,7,'2005-11-09','Manhattan Manhunt'),(2600,160,8,'2005-11-16','Bad Beat'),(2601,160,9,'2005-11-23','City of the Dolls'),(2602,160,10,'2005-11-30','Jamalot'),(2603,160,11,'2005-12-14','Trapped'),(2604,160,12,'2006-01-18','Wasted'),(2605,160,13,'2006-01-25','Risk'),(2606,160,14,'2006-02-01','Stuck on You'),(2607,160,15,'2006-03-01','Fare Game'),(2608,160,16,'2006-03-08','Cool Hunter'),(2609,160,17,'2006-03-22','Necrophilia Americana'),(2610,160,18,'2006-03-29','Live or Let Die'),(2611,160,19,'2006-04-12','Super Men'),(2612,160,20,'2006-04-19','Run Silent, Run Deep'),(2613,160,21,'2006-04-26','All Access'),(2614,160,22,'2006-05-03','Stealing Home'),(2615,160,23,'2006-05-10','Heroes'),(2616,160,24,'2006-05-17','Charge of This Post'),(2617,161,1,'2006-09-20','People with Money'),(2618,161,2,'2006-09-27','Not What It Looks Like'),(2619,161,3,'2006-10-04','Love Run Cold'),(2620,161,4,'2006-10-11','Hung Out to Dry'),(2621,161,5,'2006-10-18','Oedipus Hex'),(2622,161,6,'2006-10-25','Open and Shut'),(2623,161,7,'2006-11-01','Murder Sings the Blues'),(2624,161,8,'2006-11-08','Consequences'),(2625,161,9,'2006-11-15','And Here\'s to You, Mrs. Azrael'),(2626,161,10,'2006-11-22','Sweet 16'),(2627,161,11,'2006-11-29','Raising Shane'),(2628,161,12,'2006-12-13','Silent Night'),(2629,161,13,'2007-01-17','Obsession'),(2630,161,14,'2007-01-24','The Lying Game'),(2631,161,15,'2007-02-07','Some Buried Bones'),(2632,161,17,'2007-02-21','The Ride In'),(2633,161,18,'2007-02-28','Sleight Out of Hand'),(2634,161,19,'2007-03-21','A Daze of Wine and Roaches'),(2635,161,21,'2007-04-25','Past Imperfect'),(2636,161,22,'2007-05-02','Cold Reveal'),(2637,161,23,'2007-05-09','Comes Around'),(2638,161,24,'2007-05-16','Snow Day'),(2639,162,1,'2007-09-26','Can You Hear Me Now?'),(2640,162,2,'2007-10-03','The Deep'),(2641,162,3,'2007-10-10','You Only Die Once'),(2642,162,4,'2007-10-17','Time\'s Up'),(2643,162,5,'2007-10-24','Down the Rabbit Hole'),(2644,162,6,'2007-10-31','Boo'),(2645,162,7,'2007-11-07','Commuted Sentences'),(2646,162,8,'2007-11-14','Buzzkill'),(2647,162,9,'2007-11-21','One Wedding and a Funeral'),(2648,162,10,'2007-11-28','The Thing About Heroes...'),(2649,162,11,'2007-12-12','Child\'s Play'),(2650,162,12,'2008-01-09','Happily Never After'),(2651,162,13,'2008-01-23','All in the Family'),(2652,162,14,'2008-02-06','Playing with Matches'),(2653,162,15,'2008-04-02','DOA for a Day'),(2654,162,16,'2008-04-09','Right Next Door'),(2655,162,17,'2008-04-16','Like Water for Murder'),(2656,162,18,'2008-04-30','Admissions'),(2657,162,19,'2008-05-07','Personal Foul'),(2658,162,20,'2008-05-14','Taxi'),(2659,162,21,'2008-05-21','Hostage'),(2660,163,1,'2008-09-24','Veritas'),(2661,163,2,'2008-10-01','Page Turner'),(2662,163,4,'2008-10-22','Sex, Lies, and Silicone'),(2663,163,5,'2008-10-29','The Cost of Living'),(2664,163,6,'2008-11-05','Enough'),(2665,163,7,'2008-11-12','Dead Inside'),(2666,163,8,'2008-11-19','My Name Is Mac Taylor'),(2667,163,9,'2008-11-26','The Box'),(2668,163,10,'2008-12-10','The Triangle'),(2669,163,11,'2008-12-17','Forbidden Fruit'),(2670,163,12,'2009-01-14','Help'),(2671,163,13,'2009-01-21','Rush to Judgement'),(2672,163,14,'2009-02-11','She\'s Not There'),(2673,163,16,'2009-02-25','No Good Deed'),(2674,163,17,'2009-03-11','Green Piece'),(2675,163,18,'2009-03-18','Point of No Return'),(2676,163,19,'2009-03-25','Communication Breakdown'),(2677,163,20,'2009-04-08','Prey'),(2678,163,21,'2009-04-15','The Past, Present and Murder'),(2679,163,22,'2009-04-29','Yahrzeit'),(2680,163,23,'2009-05-06','Greater Good'),(2681,163,24,'2009-05-13','Grounds for Deception'),(2682,163,25,'2009-05-14','Pay Up'),(2683,164,1,'2009-09-23','Epilogue'),(2684,164,2,'2009-09-30','Blacklist (Featuring Grave Digger)'),(2685,164,3,'2009-10-07','Lat 40° 47\' N/Long 73° 58\' W'),(2686,164,4,'2009-10-14','Dead Reckoning'),(2687,164,5,'2009-10-21','Battle Scars'),(2688,164,6,'2009-11-04','It Happened to Me'),(2689,164,7,'2009-11-11','Hammer Down'),(2690,164,8,'2009-11-18','Cuckoo\'s Nest'),(2691,164,9,'2009-11-25','Manhattanhenge'),(2692,164,10,'2009-12-09','Death House'),(2693,164,11,'2009-12-16','Second Chances'),(2694,164,12,'2010-01-13','Criminal Justice'),(2695,164,14,'2010-02-03','Sanguine Love'),(2696,164,15,'2010-02-10','The Formula'),(2697,164,16,'2010-03-03','Uncertainty Rules'),(2698,164,17,'2010-03-10','Pot of Gold'),(2699,164,18,'2010-04-07','Rest in Peace, Marina Garito'),(2700,164,19,'2010-04-14','Redemptio'),(2701,164,20,'2010-05-05','Tales from the Undercard'),(2702,164,21,'2010-05-12','Unusual Suspects'),(2703,164,22,'2010-05-19','Point of View'),(2704,164,23,'2010-05-26','Vacation Getaway'),(2705,165,1,'2010-09-24','The 34th Floor'),(2706,165,2,'2010-10-01','Unfriendly Chat'),(2707,165,3,'2010-10-08','Damned If You Do'),(2708,165,4,'2010-10-15','Sangre por Sangre'),(2709,165,5,'2010-10-22','Out of the Sky'),(2710,165,6,'2010-10-29','Do Not Pass Go'),(2711,165,7,'2010-11-05','Hide Sight'),(2712,165,8,'2010-11-12','Scared Stiff'),(2713,165,9,'2010-11-19','Justified'),(2714,165,10,'2010-12-03','Shop Till You Drop'),(2715,165,11,'2011-01-07','To What End?'),(2716,165,12,'2011-01-14','Holding Cell'),(2717,165,13,'2011-02-04','Party Down'),(2718,165,14,'2011-02-11','Smooth Criminal'),(2719,165,15,'2011-02-18','Vigilante'),(2720,165,16,'2011-02-25','The Untouchable'),(2721,165,17,'2011-03-11','Do or Die'),(2722,165,18,'2011-04-01','Identity Crisis'),(2723,165,19,'2011-04-08','Food for Thought'),(2724,165,20,'2011-04-29','Nothing for Something'),(2725,165,21,'2011-05-06','Life Sentence'),(2726,165,22,'2011-05-13','Exit Strategy'),(2727,166,1,'2011-09-23','Indelible'),(2728,166,2,'2011-09-30','Keep It Real'),(2729,166,3,'2011-10-07','Cavallino Rampante'),(2730,166,4,'2011-10-14','Officer Involved'),(2731,166,5,'2011-10-21','Air Apparent'),(2732,166,6,'2011-11-04','Get Me Out of Here!'),(2733,166,7,'2011-11-11','Crushed'),(2734,166,8,'2011-11-18','Crossroads'),(2735,166,9,'2011-12-02','Means to an End'),(2736,166,10,'2012-01-06','Clean Sweep'),(2737,166,11,'2012-01-13','Who\'s There?'),(2738,166,12,'2012-02-03','Brooklyn Til I Die'),(2739,166,13,'2012-02-10','The Ripple Effect'),(2740,166,14,'2012-03-30','Flash Pop'),(2741,166,15,'2012-04-06','Kill Screen'),(2742,166,16,'2012-04-27','Sláinte'),(2743,166,17,'2012-05-04','Unwrapped'),(2744,166,18,'2012-05-11','Near Death'),(2745,167,1,'2012-09-28','Reignited'),(2746,167,2,'2012-10-05','Where There\'s Smoke'),(2747,167,3,'2012-10-12','2,918 Miles'),(2748,167,4,'2012-10-19','Unspoken'),(2749,167,5,'2012-10-26','Misconceptions'),(2750,167,6,'2012-11-02','The Lady in the Lake'),(2751,167,7,'2012-11-09','Clue: SI'),(2752,167,8,'2012-11-16','Late Admissions'),(2753,167,9,'2012-11-30','Blood Out'),(2754,167,10,'2012-12-07','The Real McCoy'),(2755,167,11,'2013-01-04','Command+P'),(2756,167,12,'2013-01-11','Civilized Lies'),(2757,167,13,'2013-01-18','Nine Thirteen'),(2758,167,14,'2013-02-01','White Gold'),(2759,167,15,'2013-02-08','Seth and Apep'),(2760,167,16,'2013-02-15','Blood Actually'),(2761,167,17,'2013-02-22','Today Is Life'),(2762,168,1,'2002-09-23','Golden Parachute'),(2763,168,2,'2002-09-30','Losing Face'),(2764,168,3,'2002-10-07','Wet Foot/Dry Foot'),(2765,168,4,'2002-10-14','Just One Kiss'),(2766,168,5,'2002-10-21','Ashes to Ashes'),(2767,168,6,'2002-10-28','Broken'),(2768,168,7,'2002-11-04','Breathless'),(2769,168,8,'2002-11-11','Slaughterhouse'),(2770,168,9,'2002-11-18','Kill Zone'),(2771,168,10,'2002-11-25','A Horrible Mind'),(2772,168,11,'2002-12-16','Camp Fear'),(2773,168,12,'2003-01-06','Entrance Wound'),(2774,168,13,'2003-01-27','Bunk'),(2775,168,14,'2003-02-03','Forced Entry'),(2776,168,15,'2003-02-10','Dead Woman Walking'),(2777,168,16,'2003-02-17','Evidence of Things Unseen'),(2778,168,17,'2003-02-24','Simple Man'),(2779,168,18,'2003-03-10','Dispo Day'),(2780,168,19,'2003-03-31','Double Cap'),(2781,168,20,'2003-04-14','Grave Young Men'),(2782,168,21,'2003-04-28','Spring Break'),(2783,168,22,'2003-05-05','Tinder Box'),(2784,168,23,'2003-05-12','Freaks and Tweaks'),(2785,168,24,'2003-05-19','Body Count'),(2786,169,1,'2003-09-22','Blood Brothers'),(2787,169,2,'2003-09-29','Dead Zone'),(2788,169,3,'2003-10-06','Hard Time'),(2789,169,4,'2003-10-13','Death Grip'),(2790,169,5,'2003-10-20','The Best Defense'),(2791,169,6,'2003-11-03','Hurricane Anthony'),(2792,169,7,'2003-11-10','Grand Prix'),(2793,169,8,'2003-11-17','Big Brother'),(2794,169,9,'2003-11-24','Bait'),(2795,169,10,'2003-12-15','Extreme'),(2796,169,11,'2004-01-05','Complications'),(2797,169,12,'2004-01-12','Witness to Murder'),(2798,169,13,'2004-02-02','Blood Moon'),(2799,169,14,'2004-02-09','Slow Burn'),(2800,169,15,'2004-02-16','Stalkerazzi'),(2801,169,16,'2004-02-23','Invasion'),(2802,169,17,'2004-03-01','Money for Nothing'),(2803,169,18,'2004-03-22','Wannabe'),(2804,169,19,'2004-03-29','Deadline'),(2805,169,20,'2004-04-19','The Oath'),(2806,169,21,'2004-05-03','Not Landing'),(2807,169,22,'2004-05-10','Rap Sheet'),(2808,169,23,'2004-05-17','MIA/NYC Nonstop'),(2809,169,24,'2004-05-24','Innocent'),(2810,170,1,'2004-09-20','Lost Son'),(2811,170,2,'2004-09-27','Pro Per'),(2812,170,3,'2004-10-04','Under the Influence'),(2813,170,4,'2004-10-11','Murder in a Flash'),(2814,170,5,'2004-10-18','Legal'),(2815,170,6,'2004-10-25','Hell Night'),(2816,170,7,'2004-11-08','Crime Wave'),(2817,170,8,'2004-11-15','Speed Kills'),(2818,170,9,'2004-11-22','Pirated'),(2819,170,10,'2004-11-29','After the Fall'),(2820,170,11,'2004-12-13','Addiction'),(2821,170,12,'2005-01-03','Shootout'),(2822,170,13,'2005-01-17','Cop Killer'),(2823,170,14,'2005-02-07','One Night Stand'),(2824,170,15,'2005-02-14','Identity'),(2825,170,16,'2005-02-21','Nothing to Lose'),(2826,170,17,'2005-03-07','Money Plane'),(2827,170,18,'2005-03-21','Game Over'),(2828,170,19,'2005-04-11','Sex & Taxes'),(2829,170,20,'2005-04-18','Killer Date'),(2830,170,21,'2005-05-02','Recoil'),(2831,170,22,'2005-05-09','Vengeance'),(2832,170,23,'2005-05-16','Whacked'),(2833,170,24,'2005-05-23','10-7'),(2834,171,1,'2005-09-19','From the Grave'),(2835,171,2,'2005-09-26','Blood in the Water'),(2836,171,3,'2005-10-03','Prey'),(2837,171,4,'2005-10-10','48 Hours to Life'),(2838,171,5,'2005-10-17','Three-Way'),(2839,171,6,'2005-10-24','Under Suspicion'),(2840,171,7,'2005-11-07','Felony Flight'),(2841,171,8,'2005-11-14','Nailed'),(2842,171,9,'2005-11-21','Urban Hellraisers'),(2843,171,10,'2005-11-28','Shattered'),(2844,171,11,'2005-12-19','Payback'),(2845,171,12,'2006-01-09','The Score'),(2846,171,13,'2006-01-23','Silencer'),(2847,171,14,'2006-01-30','Fade Out'),(2848,171,15,'2006-02-06','Skeletons'),(2849,171,16,'2006-02-27','Deviant'),(2850,171,17,'2006-03-06','Collision'),(2851,171,18,'2006-03-13','Double Jeopardy'),(2852,171,19,'2006-03-20','Driven'),(2853,171,20,'2006-04-10','Free Fall'),(2854,171,21,'2006-04-24','Dead Air'),(2855,171,22,'2006-05-01','Open Water'),(2856,171,23,'2006-05-08','Shock'),(2857,171,24,'2006-05-15','Rampage'),(2858,171,25,'2006-05-22','One of Our Own'),(2859,172,1,'2006-09-18','Rio'),(2860,172,2,'2006-09-25','Going Under'),(2861,172,3,'2006-10-02','Death Pool 100'),(2862,172,4,'2006-10-09','If Looks Could Kill'),(2863,172,5,'2006-10-16','Death Eminent'),(2864,172,6,'2006-10-23','Curse of the Coffin'),(2865,172,7,'2006-11-06','High Octane'),(2866,172,8,'2006-11-13','Darkroom'),(2867,172,9,'2006-11-20','Going, Going, Gone'),(2868,172,10,'2006-11-27','Come as You Are'),(2869,172,11,'2006-12-11','Backstabbers'),(2870,172,12,'2007-01-08','Internal Affairs'),(2871,172,13,'2007-01-22','Throwing Heat'),(2872,172,14,'2007-02-05','No Man\'s Land'),(2873,172,15,'2007-02-12','Man Down'),(2874,172,16,'2007-02-19','Broken Home'),(2875,172,17,'2007-02-26','A Grizzly Murder'),(2876,172,18,'2007-03-19','Triple Threat'),(2877,172,19,'2007-04-09','Bloodline'),(2878,172,20,'2007-04-16','Rush'),(2879,172,21,'2007-04-23','Just Murdered'),(2880,172,22,'2007-04-30','Burned'),(2881,172,23,'2007-05-07','Kill Switch'),(2882,172,24,'2007-05-14','Born to Kill'),(2883,173,1,'2007-09-24','Dangerous Son'),(2884,173,2,'2007-10-01','Cyber-Lebrity'),(2885,173,3,'2007-10-08','Inside Out'),(2886,173,4,'2007-10-15','Bang, Bang, Your Debt'),(2887,173,5,'2007-10-22','Deep Freeze'),(2888,173,6,'2007-10-29','Sunblock'),(2889,173,7,'2007-11-05','Chain Reaction'),(2890,173,8,'2007-11-12','Permanent Vacation'),(2891,173,9,'2007-11-19','Stand Your Ground'),(2892,173,10,'2007-11-26','CSI: My Nanny'),(2893,173,11,'2007-12-10','Guerillas in the Mist'),(2894,173,12,'2007-12-17','Miami Confidential'),(2895,173,13,'2008-01-14','Raising Caine'),(2896,173,14,'2008-03-24','You May Now Kill the Bride'),(2897,173,15,'2008-03-31','Ambush'),(2898,173,16,'2008-04-01','All In'),(2899,173,17,'2008-04-21','To Kill a Predator'),(2900,173,18,'2008-04-28','Tunnel Vision'),(2901,173,19,'2008-05-05','Rock and a Hard Place'),(2902,173,20,'2008-05-12','Down to the Wire'),(2903,173,21,'2008-05-19','Going Ballistic'),(2904,174,1,'2008-09-22','Resurrection'),(2905,174,2,'2008-09-29','Won\'t Get Fueled Again'),(2906,174,3,'2008-10-06','And How Does That Make You Kill?'),(2907,174,4,'2008-10-13','Raging Cannibal'),(2908,174,5,'2008-10-20','Bombshell'),(2909,174,6,'2008-11-03','Wrecking Crew'),(2910,174,7,'2008-11-10','Cheating Death'),(2911,174,8,'2008-11-17','Gone Baby Gone'),(2912,174,9,'2008-11-24','Power Trip'),(2913,174,10,'2008-12-08','The DeLuca Motel'),(2914,174,11,'2008-12-15','Tipping Point'),(2915,174,12,'2009-01-12','Head Case'),(2916,174,13,'2009-01-19','And They\'re Offed'),(2917,174,14,'2009-02-02','Smoke Gets in Your CSIs'),(2918,174,15,'2009-02-09','Presumed Guilty'),(2919,174,16,'2009-03-02','Sink or Swim'),(2920,174,17,'2009-03-09','Divorce Party'),(2921,174,18,'2009-03-16','Flight Risk'),(2922,174,19,'2009-03-23','Target Specific'),(2923,174,20,'2009-03-30','Wolfe in Sheep\'s Clothing'),(2924,174,21,'2009-04-13','Chip/Tuck'),(2925,174,22,'2009-04-27','Dead on Arrival'),(2926,174,23,'2009-05-04','Collateral Damage'),(2927,174,24,'2009-05-11','Dissolved'),(2928,174,25,'2009-05-18','Seeing Red'),(2929,175,1,'2009-09-21','Out of Time'),(2930,175,2,'2009-09-28','Hostile Takeover'),(2931,175,3,'2009-10-05','Bolt Action'),(2932,175,4,'2009-10-12','In Plane Sight'),(2933,175,5,'2009-10-19','Bad Seed'),(2934,175,6,'2009-11-02','Dude, Where\'s My Groom?'),(2935,175,7,'2009-11-09','Bone Voyage'),(2936,175,8,'2009-11-16','Point of Impact'),(2937,175,9,'2009-11-23','Kill Clause'),(2938,175,10,'2009-12-07','Count Me Out'),(2939,175,11,'2009-12-14','Delko for the Defense'),(2940,175,12,'2010-01-11','Show Stopper'),(2941,175,13,'2010-01-18','Die by the Sword'),(2942,175,14,'2010-02-01','In the Wind'),(2943,175,15,'2010-02-08','Miami, We Have a Problem'),(2944,175,16,'2010-03-01','L.A.'),(2945,175,17,'2010-03-08','Getting Axed'),(2946,175,18,'2010-03-22','Dishonor'),(2947,175,19,'2010-04-12','Spring Breakdown'),(2948,175,20,'2010-04-19','Backfire'),(2949,175,21,'2010-05-03','Meltdown'),(2950,175,22,'2010-05-10','Mommie Deadest'),(2951,175,23,'2010-05-17','Time Bomb'),(2952,175,24,'2010-05-24','All Fall Down'),(2953,176,1,'2010-10-03','Fallen'),(2954,176,2,'2010-10-10','Sudden Death'),(2955,176,3,'2010-10-17','See No Evil'),(2956,176,4,'2010-10-24','Manhunt'),(2957,176,5,'2010-10-31','Sleepless in Miami'),(2958,176,6,'2010-11-14','Reality Kills'),(2959,176,7,'2010-11-21','On the Hook'),(2960,176,8,'2010-12-05','Happy Birthday'),(2961,176,9,'2010-12-12','Blood Sugar'),(2962,176,10,'2011-01-02','Match Made in Hell'),(2963,176,11,'2011-01-09','F-T-F'),(2964,176,12,'2011-01-16','Wheels Up'),(2965,176,13,'2011-02-20','Last Stand'),(2966,176,14,'2011-02-27','Stoned Cold'),(2967,176,15,'2011-03-06','Blood Lust'),(2968,176,16,'2011-03-13','Hunting Ground'),(2969,176,17,'2011-03-20','Special Delivery'),(2970,176,18,'2011-03-27','About Face'),(2971,176,19,'2011-04-10','Caged'),(2972,176,20,'2011-04-17','Paint It Black'),(2973,176,21,'2011-05-01','G.O.'),(2974,176,22,'2011-05-08','Mayday'),(2975,177,1,'2011-09-25','Countermeasures'),(2976,177,2,'2011-10-02','Stiff'),(2977,177,3,'2011-10-09','Blown Away'),(2978,177,4,'2011-10-16','Look Who\'s Taunting'),(2979,177,5,'2012-04-08','Killer Regrets'),(2980,177,6,'2011-10-30','By the Book'),(2981,177,7,'2011-11-06','Sinner Takes All'),(2982,177,8,'2011-11-13','Dead Ringer'),(2983,177,9,'2011-11-20','A Few Dead Men'),(2984,177,10,'2011-12-04','Long Gone'),(2985,177,11,'2011-12-11','Crowned'),(2986,177,12,'2012-01-08','Friendly Fire'),(2987,177,13,'2012-01-29','Terminal Velocity'),(2988,177,14,'2012-02-19','Last Straw'),(2989,177,15,'2012-03-04','No Good Deed'),(2990,177,16,'2012-03-11','Rest in Pieces'),(2991,177,17,'2012-03-18','At Risk'),(2992,177,18,'2012-03-25','Law & Disorder'),(2993,177,19,'2012-04-08','Habeas Corpse');
/*!40000 ALTER TABLE `episode` ENABLE KEYS */;
UNLOCK TABLES;

--
-- Dumping data for table `season`
--

LOCK TABLES `season` WRITE;
/*!40000 ALTER TABLE `season` DISABLE KEYS */;
INSERT INTO `season` (`id`, `show_id`, `number`) VALUES (14,6,1),(15,6,2),(16,6,3),(17,6,4),(18,6,5),(19,6,6),(20,6,7),(21,6,8),(22,7,1),(23,7,2),(24,7,3),(25,7,4),(26,7,5),(27,7,6),(28,7,7),(29,7,8),(30,8,1),(31,8,2),(32,9,1),(33,9,2),(34,9,3),(35,9,4),(36,9,5),(37,9,6),(38,9,7),(39,9,8),(40,9,9),(41,9,10),(42,10,1),(43,10,2),(44,10,3),(45,10,4),(46,10,5),(47,11,1),(48,11,2),(49,12,1),(50,12,2),(51,12,3),(52,12,4),(53,12,5),(54,13,1),(55,13,2),(56,13,3),(57,13,4),(58,13,5),(59,13,6),(60,13,7),(61,13,8),(62,13,9),(63,13,10),(64,13,11),(65,13,12),(66,13,13),(67,13,14),(68,13,15),(69,13,16),(70,13,17),(71,13,18),(72,13,19),(73,13,20),(74,14,1),(75,14,2),(76,14,3),(77,14,4),(78,14,5),(79,14,6),(80,14,7),(81,14,8),(82,14,9),(83,14,10),(84,14,11),(85,14,12),(86,14,13),(87,14,14),(88,14,15),(89,14,16),(90,14,17),(91,14,18),(92,14,19),(93,14,20),(94,14,21),(95,14,22),(96,14,23),(97,14,24),(98,14,25),(99,14,26),(100,14,27),(101,14,28),(102,15,1),(103,15,2),(104,16,1),(105,16,2),(106,16,3),(107,16,4),(108,16,5),(109,16,6),(110,17,1),(111,17,2),(112,17,3),(113,17,4),(114,17,5),(115,17,6),(116,17,7),(117,17,8),(118,18,1),(119,18,2),(120,19,1),(121,19,2),(122,19,3),(123,19,4),(124,19,5),(125,19,6),(126,19,7),(127,19,8),(128,19,9),(129,19,10),(130,20,1),(131,20,2),(132,20,3),(133,20,4),(134,20,5),(135,20,6),(136,20,7),(137,20,8),(138,21,1),(139,21,2),(140,22,1),(141,22,2),(142,23,1),(143,24,1),(144,24,2),(145,24,3),(146,24,4),(147,24,5),(148,24,6),(149,24,7),(150,24,8),(151,24,9),(152,24,10),(153,24,11),(154,24,12),(155,24,13),(156,24,14),(157,24,15),(158,24,16),(159,25,1),(160,25,2),(161,25,3),(162,25,4),(163,25,5),(164,25,6),(165,25,7),(166,25,8),(167,25,9),(168,26,1),(169,26,2),(170,26,3),(171,26,4),(172,26,5),(173,26,6),(174,26,7),(175,26,8),(176,26,9),(177,26,10);
/*!40000 ALTER TABLE `season` ENABLE KEYS */;
UNLOCK TABLES;

--
-- Dumping data for table `t_v_show`
--

LOCK TABLES `t_v_show` WRITE;
/*!40000 ALTER TABLE `t_v_show` DISABLE KEYS */;
INSERT INTO `t_v_show` (`id`, `name`, `synopsis`, `image`) VALUES (6,'Game of Thrones','While a civil war brews between several noble families in Westeros, the children of the former rulers of the land attempt to rise to power.','tt0944947.jpg'),(7,'Dexter','Dexter Morgan is a Forensics Expert, a loyal brother, boyfriend, and friend. That\'s what he seems to be, but that\'s not what he really is. Dexter Morgan is a Serial Killer that hunts the bad.','tt0773262.jpg'),(8,'Westworld','A series inspired by the 1973 film of the same title written by Michael Crichton about a futuristic theme park populated by artificial beings.','tt0475784.jpg'),(9,'Stargate SG-1','A secret military team, SG-1, is formed to explore the recently discovered Stargates.','tt0118480.jpg'),(10,'Stargate: Atlantis','An international team of scientists and military personnel discover a Stargate network in the Pegasus Galaxy and come face-to-face with a new, powerful enemy, The Wraith.','tt0374455.jpg'),(11,'SGU Stargate Universe','Trapped on an Ancient spaceship billions of light years from home, a group of soldiers and civilians struggle to survive and find their way back to Earth.','tt1286039.jpg'),(12,'Breaking Bad','A high school chemistry teacher diagnosed with inoperable lung cancer turns to manufacturing and selling methamphetamine in order to secure his family\'s future.','tt0903747.jpg'),(13,'South Park','Follows the misadventures of four irreverent grade-schoolers in the quiet, dysfunctional town of South Park, Colorado.','tt0121955.jpg'),(14,'The Simpsons','The satiric adventures of a working-class family in the misfit city of Springfield.','tt0096697.jpg'),(15,'Stranger Things','When a young boy disappears, his mother, a police chief, and his friends must confront terrifying forces in order to get him back.','tt4574334.jpg'),(16,'Lost','The survivors of a plane crash are forced to work together in order to survive on a seemingly deserted tropical island.','tt0411008.jpg'),(17,'24','Jack Bauer, Director of Field Ops for the Counter-Terrorist Unit of Los Angeles, races against the clock to subvert terrorist plots and save his nation from ultimate disaster.','tt0285331.jpg'),(18,'True Detective','An anthology series in which police investigations unearth the personal and professional secrets of those involved, both within and outside the law.','tt2356777.jpg'),(19,'SpongeBob SquarePants','The misadventures of a talking sea sponge who works at a fast food restaurant, attends a boating school, and lives in an underwater pineapple.','tt0206512.jpg'),(20,'House','An antisocial maverick doctor who specializes in diagnostic medicine does whatever it takes to solve puzzling cases that come his way using his crack team of doctors and his wits.','tt0412142.jpg'),(21,'Jessica Jones','A former superhero decides to reboot her life by becoming a private investigator.','tt2357547.jpg'),(22,'Daredevil','Matt Murdock, with his other senses superhumanly enhanced, fights crime as a blind lawyer by day, and vigilante by night.','tt3322312.jpg'),(23,'The Night Of','After a night of partying with a female stranger, a man wakes up to find her stabbed to death and is charged with her murder.','tt2401256.jpg'),(24,'CSI: Crime Scene Investigation','An elite team of police forensic evidence investigation experts work their cases in Las Vegas.','tt0247082.jpg'),(25,'CSI: NY','CSI Head Detective Mac Taylor and his team solve crimes in New York City.','tt0395843.jpg'),(26,'CSI: Miami','The cases of the Miami-Dade, Florida police department\'s Crime Scene Investigations unit.','tt0313043.jpg');
/*!40000 ALTER TABLE `t_v_show` ENABLE KEYS */;
UNLOCK TABLES;
/*!40103 SET TIME_ZONE=@OLD_TIME_ZONE */;

/*!40101 SET SQL_MODE=@OLD_SQL_MODE */;
/*!40014 SET FOREIGN_KEY_CHECKS=@OLD_FOREIGN_KEY_CHECKS */;
/*!40014 SET UNIQUE_CHECKS=@OLD_UNIQUE_CHECKS */;
/*!40101 SET CHARACTER_SET_CLIENT=@OLD_CHARACTER_SET_CLIENT */;
/*!40101 SET CHARACTER_SET_RESULTS=@OLD_CHARACTER_SET_RESULTS */;
/*!40101 SET COLLATION_CONNECTION=@OLD_COLLATION_CONNECTION */;
/*!40111 SET SQL_NOTES=@OLD_SQL_NOTES */;

-- Dump completed on 2016-12-16 17:03:56
